Class Name;SIZE2;NOM;DAC
com.sk89q.bukkit.util.ClassSourceValidator;21;3;5
com.sk89q.bukkit.util.CommandInfo;26;8;2
com.sk89q.bukkit.util.CommandInspector;N/A;N/A;N/A
com.sk89q.bukkit.util.CommandRegistration;23;6;3
com.sk89q.bukkit.util.CommandsManagerRegistration;28;4;1
com.sk89q.bukkit.util.DynamicPluginCommand;68;9;4
com.sk89q.bukkit.util.DynamicPluginCommandHelpTopic;29;3;1
com.sk89q.bukkit.util.DynamicPluginCommandHelpTopic.Factory;0;15;1
com.sk89q.bukkit.util.FallbackRegistrationListener;16;2;1
com.sk89q.jnbt.ByteArrayTag;22;3;0
com.sk89q.jnbt.ByteTag;22;3;0
com.sk89q.jnbt.CompoundTag;41;22;0
com.sk89q.jnbt.CompoundTagBuilder;31;17;1
com.sk89q.jnbt.DoubleTag;22;3;0
com.sk89q.jnbt.EndTag;21;2;0
com.sk89q.jnbt.FloatTag;22;3;0
com.sk89q.jnbt.IntArrayTag;22;3;0
com.sk89q.jnbt.IntTag;22;3;0
com.sk89q.jnbt.LinBusConverter;17;4;0
com.sk89q.jnbt.ListTag;42;23;0
com.sk89q.jnbt.ListTagBuilder;20;6;1
com.sk89q.jnbt.LongArrayTag;22;3;0
com.sk89q.jnbt.LongTag;22;3;0
com.sk89q.jnbt.NBTConstants;29;2;1
com.sk89q.jnbt.NBTInputStream;19;3;1
com.sk89q.jnbt.NBTOutputStream;19;3;1
com.sk89q.jnbt.NBTUtils;19;6;0
com.sk89q.jnbt.NamedTag;18;3;2
com.sk89q.jnbt.ShortTag;22;3;0
com.sk89q.jnbt.StringTag;22;3;0
com.sk89q.jnbt.Tag;19;4;1
com.sk89q.minecraft.util.commands.Command;N/A;N/A;N/A
com.sk89q.minecraft.util.commands.CommandAlias;N/A;N/A;N/A
com.sk89q.minecraft.util.commands.CommandContext;56;35;6
com.sk89q.minecraft.util.commands.CommandException;58;6;1
com.sk89q.minecraft.util.commands.CommandLocals;19;5;1
com.sk89q.minecraft.util.commands.CommandPermissions;N/A;N/A;N/A
com.sk89q.minecraft.util.commands.CommandPermissionsException;58;0;0
com.sk89q.minecraft.util.commands.CommandUsageException;61;2;1
com.sk89q.minecraft.util.commands.CommandsManager;39;20;3
com.sk89q.minecraft.util.commands.Console;N/A;N/A;N/A
com.sk89q.minecraft.util.commands.Injector;N/A;N/A;N/A
com.sk89q.minecraft.util.commands.MissingNestedCommandException;62;1;0
com.sk89q.minecraft.util.commands.NestedCommand;N/A;N/A;N/A
com.sk89q.minecraft.util.commands.SimpleInjector;19;2;3
com.sk89q.minecraft.util.commands.SuggestionContext;26;9;2
com.sk89q.minecraft.util.commands.UnhandledCommandException;58;0;0
com.sk89q.minecraft.util.commands.WrappedCommandException;59;1;0
com.sk89q.util.ReflectionUtil;15;2;0
com.sk89q.util.StringUtil;28;15;0
com.sk89q.util.yaml.YAMLFormat;N/A;N/A;N/A
com.sk89q.util.yaml.YAMLNode;51;36;1
com.sk89q.util.yaml.YAMLProcessor;71;16;5
com.sk89q.util.yaml.YAMLProcessor.FancyRepresenter;0;41;4
com.sk89q.util.yaml.YAMLProcessorException;53;2;0
com.sk89q.wepif.ConfigurationPermissionsResolver;39;12;3
com.sk89q.wepif.DinnerPermsResolver;39;14;2
com.sk89q.wepif.FlatFilePermissionsResolver;43;14;4
com.sk89q.wepif.GroupManagerResolver;49;11;1
com.sk89q.wepif.NijiPermissionsResolver;39;13;3
com.sk89q.wepif.PermissionsExResolver;46;8;1
com.sk89q.wepif.PermissionsProvider;N/A;N/A;N/A
com.sk89q.wepif.PermissionsResolver;N/A;N/A;N/A
com.sk89q.wepif.PermissionsResolverManager;48;17;8
com.sk89q.wepif.PermissionsResolverManager.MissingPluginException;0;45;3
com.sk89q.wepif.PermissionsResolverManager.ServerListener;0;16;1
com.sk89q.wepif.PluginPermissionsResolver;37;12;2
com.sk89q.wepif.VaultResolver;37;12;2
com.sk89q.wepif.WEPIFRuntimeException;57;1;0
com.sk89q.wepif.bPermissionsResolver;36;12;1
com.sk89q.worldedit.DisallowedItemException;63;3;1
com.sk89q.worldedit.EditSession;175;126;18
com.sk89q.worldedit.EditSession.ReorderMode;N/A;N/A;N/A
com.sk89q.worldedit.EditSession.Stage;N/A;N/A;N/A
com.sk89q.worldedit.EditSessionBuilder;32;13;4
com.sk89q.worldedit.EditSessionFactory;17;4;0
com.sk89q.worldedit.EditSessionFactory.EditSessionFactoryImpl;N/A;22;2
com.sk89q.worldedit.EmptyClipboardException;59;0;0
com.sk89q.worldedit.IncompleteRegionException;59;0;0
com.sk89q.worldedit.InvalidItemException;64;1;0
com.sk89q.worldedit.LocalConfiguration;66;7;6
com.sk89q.worldedit.LocalSession;144;94;20
com.sk89q.worldedit.MaxBrushRadiusException;59;0;0
com.sk89q.worldedit.MaxChangedBlocksException;62;2;0
com.sk89q.worldedit.MaxRadiusException;59;0;0
com.sk89q.worldedit.MissingWorldException;60;1;0
com.sk89q.worldedit.NotABlockException;63;4;0
com.sk89q.worldedit.TracedEditSession;174;2;3
com.sk89q.worldedit.TracedEditSession.TraceRecord;N/A;16;1
com.sk89q.worldedit.UnknownDirectionException;62;2;1
com.sk89q.worldedit.UnknownItemException;62;2;1
com.sk89q.worldedit.WorldEdit;70;42;15
com.sk89q.worldedit.WorldEditException;59;7;1
com.sk89q.worldedit.WorldEditManifest;23;6;2
com.sk89q.worldedit.WorldEditManifest.Kind;N/A;N/A;N/A
com.sk89q.worldedit.blocks.BaseItem;30;8;2
com.sk89q.worldedit.blocks.BaseItemStack;38;7;0
com.sk89q.worldedit.blocks.Blocks;16;3;0
com.sk89q.worldedit.blocks.LegacyBaseBlockWrapper;58;3;0
com.sk89q.worldedit.blocks.MobSpawnerBlock;78;10;3
com.sk89q.worldedit.blocks.SignBlock;68;8;1
com.sk89q.worldedit.blocks.SkullBlock;67;8;1
com.sk89q.worldedit.blocks.TileEntityBlock;N/A;N/A;N/A
com.sk89q.worldedit.bukkit.BukkitAdapter;53;32;3
com.sk89q.worldedit.bukkit.BukkitBiomeRegistry;18;3;0
com.sk89q.worldedit.bukkit.BukkitBlockCategoryRegistry;17;2;0
com.sk89q.worldedit.bukkit.BukkitBlockCommandSender;68;14;3
com.sk89q.worldedit.bukkit.BukkitBlockRegistry;28;4;1
com.sk89q.worldedit.bukkit.BukkitBlockRegistry.BukkitBlockMaterial;0;57;2
com.sk89q.worldedit.bukkit.BukkitCommandInspector;23;4;3
com.sk89q.worldedit.bukkit.BukkitCommandSender;57;14;3
com.sk89q.worldedit.bukkit.BukkitConfiguration;76;3;1
com.sk89q.worldedit.bukkit.BukkitEntity;30;7;1
com.sk89q.worldedit.bukkit.BukkitEntityProperties;56;21;1
com.sk89q.worldedit.bukkit.BukkitItemCategoryRegistry;17;2;0
com.sk89q.worldedit.bukkit.BukkitItemRegistry;23;2;0
com.sk89q.worldedit.bukkit.BukkitPlayer;154;32;2
com.sk89q.worldedit.bukkit.BukkitPlayer.SessionKeyImpl;0;22;1
com.sk89q.worldedit.bukkit.BukkitPlayerBlockBag;32;8;2
com.sk89q.worldedit.bukkit.BukkitRegistries;45;7;6
com.sk89q.worldedit.bukkit.BukkitServerInterface;80;25;5
com.sk89q.worldedit.bukkit.BukkitWatchdog;17;2;1
com.sk89q.worldedit.bukkit.BukkitWorld;130;38;5
com.sk89q.worldedit.bukkit.CUIChannelListener;17;2;1
com.sk89q.worldedit.bukkit.EditSessionBlockChangeDelegate;23;5;1
com.sk89q.worldedit.bukkit.WorldEditListener;20;5;2
com.sk89q.worldedit.bukkit.WorldEditPlugin;121;26;6
com.sk89q.worldedit.bukkit.WorldEditPlugin.AsyncTabCompleteListener;0;15;1
com.sk89q.worldedit.bukkit.WorldEditPlugin.WorldInitListener;0;14;1
com.sk89q.worldedit.bukkit.adapter.AdapterLoadException;55;4;0
com.sk89q.worldedit.bukkit.adapter.BukkitImplAdapter;N/A;N/A;N/A
com.sk89q.worldedit.bukkit.adapter.BukkitImplLoader;27;6;3
com.sk89q.worldedit.bukkit.adapter.Refraction;17;2;1
com.sk89q.worldedit.bukkit.adapter.UnsupportedVersionEditException;60;1;0
com.sk89q.worldedit.bukkit.adapter.impl.v1_20_R2.PaperweightAdapter;104;51;8
com.sk89q.worldedit.bukkit.adapter.impl.v1_20_R2.PaperweightAdapter.MojangWatchdog;0;16;1
com.sk89q.worldedit.bukkit.adapter.impl.v1_20_R2.PaperweightAdapter.NoOpWorldLoadListener;0;23;1
com.sk89q.worldedit.bukkit.adapter.impl.v1_20_R2.PaperweightAdapter.SpigotWatchdog;0;16;1
com.sk89q.worldedit.bukkit.adapter.impl.v1_20_R2.PaperweightDataConverters;68;30;5
com.sk89q.worldedit.bukkit.adapter.impl.v1_20_R2.PaperweightDataConverters.DataConverter;N/A;N/A;N/A
com.sk89q.worldedit.bukkit.adapter.impl.v1_20_R2.PaperweightDataConverters.DataConverterArmorStand;0;18;1
com.sk89q.worldedit.bukkit.adapter.impl.v1_20_R2.PaperweightDataConverters.DataConverterBanner;0;18;1
com.sk89q.worldedit.bukkit.adapter.impl.v1_20_R2.PaperweightDataConverters.DataConverterBedBlock;0;18;1
com.sk89q.worldedit.bukkit.adapter.impl.v1_20_R2.PaperweightDataConverters.DataConverterBedItem;0;18;1
com.sk89q.worldedit.bukkit.adapter.impl.v1_20_R2.PaperweightDataConverters.DataConverterBook;0;18;1
com.sk89q.worldedit.bukkit.adapter.impl.v1_20_R2.PaperweightDataConverters.DataConverterCookedFish;0;18;1
com.sk89q.worldedit.bukkit.adapter.impl.v1_20_R2.PaperweightDataConverters.DataConverterDropChances;0;18;1
com.sk89q.worldedit.bukkit.adapter.impl.v1_20_R2.PaperweightDataConverters.DataConverterEntity;0;18;1
com.sk89q.worldedit.bukkit.adapter.impl.v1_20_R2.PaperweightDataConverters.DataConverterEquipment;0;18;1
com.sk89q.worldedit.bukkit.adapter.impl.v1_20_R2.PaperweightDataConverters.DataConverterGuardian;0;18;1
com.sk89q.worldedit.bukkit.adapter.impl.v1_20_R2.PaperweightDataConverters.DataConverterHanging;0;18;1
com.sk89q.worldedit.bukkit.adapter.impl.v1_20_R2.PaperweightDataConverters.DataConverterHealth;0;18;1
com.sk89q.worldedit.bukkit.adapter.impl.v1_20_R2.PaperweightDataConverters.DataConverterHorse;0;18;1
com.sk89q.worldedit.bukkit.adapter.impl.v1_20_R2.PaperweightDataConverters.DataConverterLang;0;18;1
com.sk89q.worldedit.bukkit.adapter.impl.v1_20_R2.PaperweightDataConverters.DataConverterMaterialId;0;18;1
com.sk89q.worldedit.bukkit.adapter.impl.v1_20_R2.PaperweightDataConverters.DataConverterMinecart;0;18;1
com.sk89q.worldedit.bukkit.adapter.impl.v1_20_R2.PaperweightDataConverters.DataConverterMobSpawner;0;18;1
com.sk89q.worldedit.bukkit.adapter.impl.v1_20_R2.PaperweightDataConverters.DataConverterPotionId;0;18;1
com.sk89q.worldedit.bukkit.adapter.impl.v1_20_R2.PaperweightDataConverters.DataConverterPotionWater;0;18;1
com.sk89q.worldedit.bukkit.adapter.impl.v1_20_R2.PaperweightDataConverters.DataConverterRiding;0;20;1
com.sk89q.worldedit.bukkit.adapter.impl.v1_20_R2.PaperweightDataConverters.DataConverterSaddle;0;18;1
com.sk89q.worldedit.bukkit.adapter.impl.v1_20_R2.PaperweightDataConverters.DataConverterShulker;0;18;1
com.sk89q.worldedit.bukkit.adapter.impl.v1_20_R2.PaperweightDataConverters.DataConverterShulkerBoxBlock;0;18;1
com.sk89q.worldedit.bukkit.adapter.impl.v1_20_R2.PaperweightDataConverters.DataConverterShulkerBoxItem;0;18;1
com.sk89q.worldedit.bukkit.adapter.impl.v1_20_R2.PaperweightDataConverters.DataConverterSignText;0;19;1
com.sk89q.worldedit.bukkit.adapter.impl.v1_20_R2.PaperweightDataConverters.DataConverterSkeleton;0;18;1
com.sk89q.worldedit.bukkit.adapter.impl.v1_20_R2.PaperweightDataConverters.DataConverterSpawnEgg;0;18;1
com.sk89q.worldedit.bukkit.adapter.impl.v1_20_R2.PaperweightDataConverters.DataConverterTileEntity;0;18;1
com.sk89q.worldedit.bukkit.adapter.impl.v1_20_R2.PaperweightDataConverters.DataConverterTotem;0;18;1
com.sk89q.worldedit.bukkit.adapter.impl.v1_20_R2.PaperweightDataConverters.DataConverterUUID;0;18;1
com.sk89q.worldedit.bukkit.adapter.impl.v1_20_R2.PaperweightDataConverters.DataConverterVBO;0;18;1
com.sk89q.worldedit.bukkit.adapter.impl.v1_20_R2.PaperweightDataConverters.DataConverterZombie;0;19;1
com.sk89q.worldedit.bukkit.adapter.impl.v1_20_R2.PaperweightDataConverters.DataConverterZombieType;0;18;1
com.sk89q.worldedit.bukkit.adapter.impl.v1_20_R2.PaperweightDataConverters.DataInspector;N/A;N/A;N/A
com.sk89q.worldedit.bukkit.adapter.impl.v1_20_R2.PaperweightDataConverters.DataInspectorBlockEntity;0;17;1
com.sk89q.worldedit.bukkit.adapter.impl.v1_20_R2.PaperweightDataConverters.DataInspectorChunks;0;15;1
com.sk89q.worldedit.bukkit.adapter.impl.v1_20_R2.PaperweightDataConverters.DataInspectorCommandBlock;0;15;1
com.sk89q.worldedit.bukkit.adapter.impl.v1_20_R2.PaperweightDataConverters.DataInspectorEntity;0;16;1
com.sk89q.worldedit.bukkit.adapter.impl.v1_20_R2.PaperweightDataConverters.DataInspectorEntityPassengers;0;15;1
com.sk89q.worldedit.bukkit.adapter.impl.v1_20_R2.PaperweightDataConverters.DataInspectorItem;0;19;2
com.sk89q.worldedit.bukkit.adapter.impl.v1_20_R2.PaperweightDataConverters.DataInspectorItemList;0;19;2
com.sk89q.worldedit.bukkit.adapter.impl.v1_20_R2.PaperweightDataConverters.DataInspectorLevelPlayer;0;15;1
com.sk89q.worldedit.bukkit.adapter.impl.v1_20_R2.PaperweightDataConverters.DataInspectorMobSpawnerMinecart;0;15;1
com.sk89q.worldedit.bukkit.adapter.impl.v1_20_R2.PaperweightDataConverters.DataInspectorMobSpawnerMobs;0;15;1
com.sk89q.worldedit.bukkit.adapter.impl.v1_20_R2.PaperweightDataConverters.DataInspectorPlayer;0;15;1
com.sk89q.worldedit.bukkit.adapter.impl.v1_20_R2.PaperweightDataConverters.DataInspectorPlayerVehicle;0;15;1
com.sk89q.worldedit.bukkit.adapter.impl.v1_20_R2.PaperweightDataConverters.DataInspectorStructure;0;15;1
com.sk89q.worldedit.bukkit.adapter.impl.v1_20_R2.PaperweightDataConverters.DataInspectorTagged;2;17;1
com.sk89q.worldedit.bukkit.adapter.impl.v1_20_R2.PaperweightDataConverters.DataInspectorVillagers;0;15;1
com.sk89q.worldedit.bukkit.adapter.impl.v1_20_R2.PaperweightDataConverters.LegacyType;N/A;N/A;N/A
com.sk89q.worldedit.bukkit.adapter.impl.v1_20_R2.PaperweightDataConverters.WrappedDataFixer;0;19;1
com.sk89q.worldedit.bukkit.adapter.impl.v1_20_R2.PaperweightFakePlayer;1542;12;3
com.sk89q.worldedit.bukkit.adapter.impl.v1_20_R2.PaperweightServerLevelDelegateProxy;25;8;3
com.sk89q.worldedit.bukkit.adapter.impl.v1_20_R2.PaperweightWorldNativeAccess;56;19;3
com.sk89q.worldedit.bukkit.adapter.impl.v1_20_R3.PaperweightAdapter;104;51;8
com.sk89q.worldedit.bukkit.adapter.impl.v1_20_R3.PaperweightAdapter.MojangWatchdog;0;16;1
com.sk89q.worldedit.bukkit.adapter.impl.v1_20_R3.PaperweightAdapter.NoOpWorldLoadListener;0;23;1
com.sk89q.worldedit.bukkit.adapter.impl.v1_20_R3.PaperweightAdapter.SpigotWatchdog;0;16;1
com.sk89q.worldedit.bukkit.adapter.impl.v1_20_R3.PaperweightDataConverters;68;30;5
com.sk89q.worldedit.bukkit.adapter.impl.v1_20_R3.PaperweightDataConverters.DataConverter;N/A;N/A;N/A
com.sk89q.worldedit.bukkit.adapter.impl.v1_20_R3.PaperweightDataConverters.DataConverterArmorStand;0;18;1
com.sk89q.worldedit.bukkit.adapter.impl.v1_20_R3.PaperweightDataConverters.DataConverterBanner;0;18;1
com.sk89q.worldedit.bukkit.adapter.impl.v1_20_R3.PaperweightDataConverters.DataConverterBedBlock;0;18;1
com.sk89q.worldedit.bukkit.adapter.impl.v1_20_R3.PaperweightDataConverters.DataConverterBedItem;0;18;1
com.sk89q.worldedit.bukkit.adapter.impl.v1_20_R3.PaperweightDataConverters.DataConverterBook;0;18;1
com.sk89q.worldedit.bukkit.adapter.impl.v1_20_R3.PaperweightDataConverters.DataConverterCookedFish;0;18;1
com.sk89q.worldedit.bukkit.adapter.impl.v1_20_R3.PaperweightDataConverters.DataConverterDropChances;0;18;1
com.sk89q.worldedit.bukkit.adapter.impl.v1_20_R3.PaperweightDataConverters.DataConverterEntity;0;18;1
com.sk89q.worldedit.bukkit.adapter.impl.v1_20_R3.PaperweightDataConverters.DataConverterEquipment;0;18;1
com.sk89q.worldedit.bukkit.adapter.impl.v1_20_R3.PaperweightDataConverters.DataConverterGuardian;0;18;1
com.sk89q.worldedit.bukkit.adapter.impl.v1_20_R3.PaperweightDataConverters.DataConverterHanging;0;18;1
com.sk89q.worldedit.bukkit.adapter.impl.v1_20_R3.PaperweightDataConverters.DataConverterHealth;0;18;1
com.sk89q.worldedit.bukkit.adapter.impl.v1_20_R3.PaperweightDataConverters.DataConverterHorse;0;18;1
com.sk89q.worldedit.bukkit.adapter.impl.v1_20_R3.PaperweightDataConverters.DataConverterLang;0;18;1
com.sk89q.worldedit.bukkit.adapter.impl.v1_20_R3.PaperweightDataConverters.DataConverterMaterialId;0;18;1
com.sk89q.worldedit.bukkit.adapter.impl.v1_20_R3.PaperweightDataConverters.DataConverterMinecart;0;18;1
com.sk89q.worldedit.bukkit.adapter.impl.v1_20_R3.PaperweightDataConverters.DataConverterMobSpawner;0;18;1
com.sk89q.worldedit.bukkit.adapter.impl.v1_20_R3.PaperweightDataConverters.DataConverterPotionId;0;18;1
com.sk89q.worldedit.bukkit.adapter.impl.v1_20_R3.PaperweightDataConverters.DataConverterPotionWater;0;18;1
com.sk89q.worldedit.bukkit.adapter.impl.v1_20_R3.PaperweightDataConverters.DataConverterRiding;0;20;1
com.sk89q.worldedit.bukkit.adapter.impl.v1_20_R3.PaperweightDataConverters.DataConverterSaddle;0;18;1
com.sk89q.worldedit.bukkit.adapter.impl.v1_20_R3.PaperweightDataConverters.DataConverterShulker;0;18;1
com.sk89q.worldedit.bukkit.adapter.impl.v1_20_R3.PaperweightDataConverters.DataConverterShulkerBoxBlock;0;18;1
com.sk89q.worldedit.bukkit.adapter.impl.v1_20_R3.PaperweightDataConverters.DataConverterShulkerBoxItem;0;18;1
com.sk89q.worldedit.bukkit.adapter.impl.v1_20_R3.PaperweightDataConverters.DataConverterSignText;0;19;1
com.sk89q.worldedit.bukkit.adapter.impl.v1_20_R3.PaperweightDataConverters.DataConverterSkeleton;0;18;1
com.sk89q.worldedit.bukkit.adapter.impl.v1_20_R3.PaperweightDataConverters.DataConverterSpawnEgg;0;18;1
com.sk89q.worldedit.bukkit.adapter.impl.v1_20_R3.PaperweightDataConverters.DataConverterTileEntity;0;18;1
com.sk89q.worldedit.bukkit.adapter.impl.v1_20_R3.PaperweightDataConverters.DataConverterTotem;0;18;1
com.sk89q.worldedit.bukkit.adapter.impl.v1_20_R3.PaperweightDataConverters.DataConverterUUID;0;18;1
com.sk89q.worldedit.bukkit.adapter.impl.v1_20_R3.PaperweightDataConverters.DataConverterVBO;0;18;1
com.sk89q.worldedit.bukkit.adapter.impl.v1_20_R3.PaperweightDataConverters.DataConverterZombie;0;19;1
com.sk89q.worldedit.bukkit.adapter.impl.v1_20_R3.PaperweightDataConverters.DataConverterZombieType;0;18;1
com.sk89q.worldedit.bukkit.adapter.impl.v1_20_R3.PaperweightDataConverters.DataInspector;N/A;N/A;N/A
com.sk89q.worldedit.bukkit.adapter.impl.v1_20_R3.PaperweightDataConverters.DataInspectorBlockEntity;0;17;1
com.sk89q.worldedit.bukkit.adapter.impl.v1_20_R3.PaperweightDataConverters.DataInspectorChunks;0;15;1
com.sk89q.worldedit.bukkit.adapter.impl.v1_20_R3.PaperweightDataConverters.DataInspectorCommandBlock;0;15;1
com.sk89q.worldedit.bukkit.adapter.impl.v1_20_R3.PaperweightDataConverters.DataInspectorEntity;0;16;1
com.sk89q.worldedit.bukkit.adapter.impl.v1_20_R3.PaperweightDataConverters.DataInspectorEntityPassengers;0;15;1
com.sk89q.worldedit.bukkit.adapter.impl.v1_20_R3.PaperweightDataConverters.DataInspectorItem;0;19;2
com.sk89q.worldedit.bukkit.adapter.impl.v1_20_R3.PaperweightDataConverters.DataInspectorItemList;0;19;2
com.sk89q.worldedit.bukkit.adapter.impl.v1_20_R3.PaperweightDataConverters.DataInspectorLevelPlayer;0;15;1
com.sk89q.worldedit.bukkit.adapter.impl.v1_20_R3.PaperweightDataConverters.DataInspectorMobSpawnerMinecart;0;15;1
com.sk89q.worldedit.bukkit.adapter.impl.v1_20_R3.PaperweightDataConverters.DataInspectorMobSpawnerMobs;0;15;1
com.sk89q.worldedit.bukkit.adapter.impl.v1_20_R3.PaperweightDataConverters.DataInspectorPlayer;0;15;1
com.sk89q.worldedit.bukkit.adapter.impl.v1_20_R3.PaperweightDataConverters.DataInspectorPlayerVehicle;0;15;1
com.sk89q.worldedit.bukkit.adapter.impl.v1_20_R3.PaperweightDataConverters.DataInspectorStructure;0;15;1
com.sk89q.worldedit.bukkit.adapter.impl.v1_20_R3.PaperweightDataConverters.DataInspectorTagged;2;17;1
com.sk89q.worldedit.bukkit.adapter.impl.v1_20_R3.PaperweightDataConverters.DataInspectorVillagers;0;15;1
com.sk89q.worldedit.bukkit.adapter.impl.v1_20_R3.PaperweightDataConverters.LegacyType;N/A;N/A;N/A
com.sk89q.worldedit.bukkit.adapter.impl.v1_20_R3.PaperweightDataConverters.WrappedDataFixer;0;19;1
com.sk89q.worldedit.bukkit.adapter.impl.v1_20_R3.PaperweightFakePlayer;1558;12;3
com.sk89q.worldedit.bukkit.adapter.impl.v1_20_R3.PaperweightServerLevelDelegateProxy;25;8;3
com.sk89q.worldedit.bukkit.adapter.impl.v1_20_R3.PaperweightWorldNativeAccess;56;19;3
com.sk89q.worldedit.bukkit.adapter.impl.v1_20_R4.PaperweightAdapter;105;51;9
com.sk89q.worldedit.bukkit.adapter.impl.v1_20_R4.PaperweightAdapter.MojangWatchdog;0;16;1
com.sk89q.worldedit.bukkit.adapter.impl.v1_20_R4.PaperweightAdapter.NoOpWorldLoadListener;0;22;1
com.sk89q.worldedit.bukkit.adapter.impl.v1_20_R4.PaperweightAdapter.SpigotWatchdog;0;16;1
com.sk89q.worldedit.bukkit.adapter.impl.v1_20_R4.PaperweightDataConverters;68;30;5
com.sk89q.worldedit.bukkit.adapter.impl.v1_20_R4.PaperweightDataConverters.DataConverter;N/A;N/A;N/A
com.sk89q.worldedit.bukkit.adapter.impl.v1_20_R4.PaperweightDataConverters.DataConverterArmorStand;0;18;1
com.sk89q.worldedit.bukkit.adapter.impl.v1_20_R4.PaperweightDataConverters.DataConverterBanner;0;18;1
com.sk89q.worldedit.bukkit.adapter.impl.v1_20_R4.PaperweightDataConverters.DataConverterBedBlock;0;18;1
com.sk89q.worldedit.bukkit.adapter.impl.v1_20_R4.PaperweightDataConverters.DataConverterBedItem;0;18;1
com.sk89q.worldedit.bukkit.adapter.impl.v1_20_R4.PaperweightDataConverters.DataConverterBook;0;18;1
com.sk89q.worldedit.bukkit.adapter.impl.v1_20_R4.PaperweightDataConverters.DataConverterCookedFish;0;18;1
com.sk89q.worldedit.bukkit.adapter.impl.v1_20_R4.PaperweightDataConverters.DataConverterDropChances;0;18;1
com.sk89q.worldedit.bukkit.adapter.impl.v1_20_R4.PaperweightDataConverters.DataConverterEntity;0;18;1
com.sk89q.worldedit.bukkit.adapter.impl.v1_20_R4.PaperweightDataConverters.DataConverterEquipment;0;18;1
com.sk89q.worldedit.bukkit.adapter.impl.v1_20_R4.PaperweightDataConverters.DataConverterGuardian;0;18;1
com.sk89q.worldedit.bukkit.adapter.impl.v1_20_R4.PaperweightDataConverters.DataConverterHanging;0;18;1
com.sk89q.worldedit.bukkit.adapter.impl.v1_20_R4.PaperweightDataConverters.DataConverterHealth;0;18;1
com.sk89q.worldedit.bukkit.adapter.impl.v1_20_R4.PaperweightDataConverters.DataConverterHorse;0;18;1
com.sk89q.worldedit.bukkit.adapter.impl.v1_20_R4.PaperweightDataConverters.DataConverterLang;0;18;1
com.sk89q.worldedit.bukkit.adapter.impl.v1_20_R4.PaperweightDataConverters.DataConverterMaterialId;0;18;1
com.sk89q.worldedit.bukkit.adapter.impl.v1_20_R4.PaperweightDataConverters.DataConverterMinecart;0;18;1
com.sk89q.worldedit.bukkit.adapter.impl.v1_20_R4.PaperweightDataConverters.DataConverterMobSpawner;0;18;1
com.sk89q.worldedit.bukkit.adapter.impl.v1_20_R4.PaperweightDataConverters.DataConverterPotionId;0;18;1
com.sk89q.worldedit.bukkit.adapter.impl.v1_20_R4.PaperweightDataConverters.DataConverterPotionWater;0;18;1
com.sk89q.worldedit.bukkit.adapter.impl.v1_20_R4.PaperweightDataConverters.DataConverterRiding;0;20;1
com.sk89q.worldedit.bukkit.adapter.impl.v1_20_R4.PaperweightDataConverters.DataConverterSaddle;0;18;1
com.sk89q.worldedit.bukkit.adapter.impl.v1_20_R4.PaperweightDataConverters.DataConverterShulker;0;18;1
com.sk89q.worldedit.bukkit.adapter.impl.v1_20_R4.PaperweightDataConverters.DataConverterShulkerBoxBlock;0;18;1
com.sk89q.worldedit.bukkit.adapter.impl.v1_20_R4.PaperweightDataConverters.DataConverterShulkerBoxItem;0;18;1
com.sk89q.worldedit.bukkit.adapter.impl.v1_20_R4.PaperweightDataConverters.DataConverterSignText;0;19;1
com.sk89q.worldedit.bukkit.adapter.impl.v1_20_R4.PaperweightDataConverters.DataConverterSkeleton;0;18;1
com.sk89q.worldedit.bukkit.adapter.impl.v1_20_R4.PaperweightDataConverters.DataConverterSpawnEgg;0;18;1
com.sk89q.worldedit.bukkit.adapter.impl.v1_20_R4.PaperweightDataConverters.DataConverterTileEntity;0;18;1
com.sk89q.worldedit.bukkit.adapter.impl.v1_20_R4.PaperweightDataConverters.DataConverterTotem;0;18;1
com.sk89q.worldedit.bukkit.adapter.impl.v1_20_R4.PaperweightDataConverters.DataConverterUUID;0;18;1
com.sk89q.worldedit.bukkit.adapter.impl.v1_20_R4.PaperweightDataConverters.DataConverterVBO;0;18;1
com.sk89q.worldedit.bukkit.adapter.impl.v1_20_R4.PaperweightDataConverters.DataConverterZombie;0;19;1
com.sk89q.worldedit.bukkit.adapter.impl.v1_20_R4.PaperweightDataConverters.DataConverterZombieType;0;18;1
com.sk89q.worldedit.bukkit.adapter.impl.v1_20_R4.PaperweightDataConverters.DataInspector;N/A;N/A;N/A
com.sk89q.worldedit.bukkit.adapter.impl.v1_20_R4.PaperweightDataConverters.DataInspectorBlockEntity;0;17;1
com.sk89q.worldedit.bukkit.adapter.impl.v1_20_R4.PaperweightDataConverters.DataInspectorChunks;0;15;1
com.sk89q.worldedit.bukkit.adapter.impl.v1_20_R4.PaperweightDataConverters.DataInspectorCommandBlock;0;15;1
com.sk89q.worldedit.bukkit.adapter.impl.v1_20_R4.PaperweightDataConverters.DataInspectorEntity;0;16;1
com.sk89q.worldedit.bukkit.adapter.impl.v1_20_R4.PaperweightDataConverters.DataInspectorEntityPassengers;0;15;1
com.sk89q.worldedit.bukkit.adapter.impl.v1_20_R4.PaperweightDataConverters.DataInspectorItem;0;19;2
com.sk89q.worldedit.bukkit.adapter.impl.v1_20_R4.PaperweightDataConverters.DataInspectorItemList;0;19;2
com.sk89q.worldedit.bukkit.adapter.impl.v1_20_R4.PaperweightDataConverters.DataInspectorLevelPlayer;0;15;1
com.sk89q.worldedit.bukkit.adapter.impl.v1_20_R4.PaperweightDataConverters.DataInspectorMobSpawnerMinecart;0;15;1
com.sk89q.worldedit.bukkit.adapter.impl.v1_20_R4.PaperweightDataConverters.DataInspectorMobSpawnerMobs;0;15;1
com.sk89q.worldedit.bukkit.adapter.impl.v1_20_R4.PaperweightDataConverters.DataInspectorPlayer;0;15;1
com.sk89q.worldedit.bukkit.adapter.impl.v1_20_R4.PaperweightDataConverters.DataInspectorPlayerVehicle;0;15;1
com.sk89q.worldedit.bukkit.adapter.impl.v1_20_R4.PaperweightDataConverters.DataInspectorStructure;0;15;1
com.sk89q.worldedit.bukkit.adapter.impl.v1_20_R4.PaperweightDataConverters.DataInspectorTagged;2;17;1
com.sk89q.worldedit.bukkit.adapter.impl.v1_20_R4.PaperweightDataConverters.DataInspectorVillagers;0;15;1
com.sk89q.worldedit.bukkit.adapter.impl.v1_20_R4.PaperweightDataConverters.LegacyType;N/A;N/A;N/A
com.sk89q.worldedit.bukkit.adapter.impl.v1_20_R4.PaperweightDataConverters.WrappedDataFixer;0;19;1
com.sk89q.worldedit.bukkit.adapter.impl.v1_20_R4.PaperweightFakePlayer;1599;12;3
com.sk89q.worldedit.bukkit.adapter.impl.v1_20_R4.PaperweightServerLevelDelegateProxy;25;8;3
com.sk89q.worldedit.bukkit.adapter.impl.v1_20_R4.PaperweightWorldNativeAccess;56;19;3
com.sk89q.worldedit.bukkit.adapter.impl.v1_21.PaperweightAdapter;106;51;10
com.sk89q.worldedit.bukkit.adapter.impl.v1_21.PaperweightAdapter.MojangWatchdog;0;16;1
com.sk89q.worldedit.bukkit.adapter.impl.v1_21.PaperweightAdapter.NoOpWorldLoadListener;0;22;1
com.sk89q.worldedit.bukkit.adapter.impl.v1_21.PaperweightAdapter.SpigotWatchdog;0;16;1
com.sk89q.worldedit.bukkit.adapter.impl.v1_21.PaperweightDataConverters;53;28;5
com.sk89q.worldedit.bukkit.adapter.impl.v1_21.PaperweightDataConverters.DataConverter;N/A;N/A;N/A
com.sk89q.worldedit.bukkit.adapter.impl.v1_21.PaperweightDataConverters.DataConverterArmorStand;0;18;1
com.sk89q.worldedit.bukkit.adapter.impl.v1_21.PaperweightDataConverters.DataConverterBanner;0;18;1
com.sk89q.worldedit.bukkit.adapter.impl.v1_21.PaperweightDataConverters.DataConverterBedBlock;0;18;1
com.sk89q.worldedit.bukkit.adapter.impl.v1_21.PaperweightDataConverters.DataConverterBedItem;0;18;1
com.sk89q.worldedit.bukkit.adapter.impl.v1_21.PaperweightDataConverters.DataConverterBook;0;18;1
com.sk89q.worldedit.bukkit.adapter.impl.v1_21.PaperweightDataConverters.DataConverterCookedFish;0;18;1
com.sk89q.worldedit.bukkit.adapter.impl.v1_21.PaperweightDataConverters.DataConverterDropChances;0;18;1
com.sk89q.worldedit.bukkit.adapter.impl.v1_21.PaperweightDataConverters.DataConverterEntity;0;18;1
com.sk89q.worldedit.bukkit.adapter.impl.v1_21.PaperweightDataConverters.DataConverterEquipment;0;18;1
com.sk89q.worldedit.bukkit.adapter.impl.v1_21.PaperweightDataConverters.DataConverterGuardian;0;18;1
com.sk89q.worldedit.bukkit.adapter.impl.v1_21.PaperweightDataConverters.DataConverterHanging;0;18;1
com.sk89q.worldedit.bukkit.adapter.impl.v1_21.PaperweightDataConverters.DataConverterHealth;0;18;1
com.sk89q.worldedit.bukkit.adapter.impl.v1_21.PaperweightDataConverters.DataConverterHorse;0;18;1
com.sk89q.worldedit.bukkit.adapter.impl.v1_21.PaperweightDataConverters.DataConverterLang;0;18;1
com.sk89q.worldedit.bukkit.adapter.impl.v1_21.PaperweightDataConverters.DataConverterMaterialId;0;18;1
com.sk89q.worldedit.bukkit.adapter.impl.v1_21.PaperweightDataConverters.DataConverterMinecart;0;18;1
com.sk89q.worldedit.bukkit.adapter.impl.v1_21.PaperweightDataConverters.DataConverterMobSpawner;0;18;1
com.sk89q.worldedit.bukkit.adapter.impl.v1_21.PaperweightDataConverters.DataConverterPotionId;0;18;1
com.sk89q.worldedit.bukkit.adapter.impl.v1_21.PaperweightDataConverters.DataConverterPotionWater;0;18;1
com.sk89q.worldedit.bukkit.adapter.impl.v1_21.PaperweightDataConverters.DataConverterRiding;0;20;1
com.sk89q.worldedit.bukkit.adapter.impl.v1_21.PaperweightDataConverters.DataConverterSaddle;0;18;1
com.sk89q.worldedit.bukkit.adapter.impl.v1_21.PaperweightDataConverters.DataConverterShulker;0;18;1
com.sk89q.worldedit.bukkit.adapter.impl.v1_21.PaperweightDataConverters.DataConverterShulkerBoxBlock;0;18;1
com.sk89q.worldedit.bukkit.adapter.impl.v1_21.PaperweightDataConverters.DataConverterShulkerBoxItem;0;18;1
com.sk89q.worldedit.bukkit.adapter.impl.v1_21.PaperweightDataConverters.DataConverterSignText;0;19;1
com.sk89q.worldedit.bukkit.adapter.impl.v1_21.PaperweightDataConverters.DataConverterSkeleton;0;18;1
com.sk89q.worldedit.bukkit.adapter.impl.v1_21.PaperweightDataConverters.DataConverterSpawnEgg;0;18;1
com.sk89q.worldedit.bukkit.adapter.impl.v1_21.PaperweightDataConverters.DataConverterTileEntity;0;18;1
com.sk89q.worldedit.bukkit.adapter.impl.v1_21.PaperweightDataConverters.DataConverterTotem;0;18;1
com.sk89q.worldedit.bukkit.adapter.impl.v1_21.PaperweightDataConverters.DataConverterUUID;0;18;1
com.sk89q.worldedit.bukkit.adapter.impl.v1_21.PaperweightDataConverters.DataConverterVBO;0;18;1
com.sk89q.worldedit.bukkit.adapter.impl.v1_21.PaperweightDataConverters.DataConverterZombie;0;19;1
com.sk89q.worldedit.bukkit.adapter.impl.v1_21.PaperweightDataConverters.DataConverterZombieType;0;18;1
com.sk89q.worldedit.bukkit.adapter.impl.v1_21.PaperweightDataConverters.DataInspector;N/A;N/A;N/A
com.sk89q.worldedit.bukkit.adapter.impl.v1_21.PaperweightDataConverters.DataInspectorBlockEntity;0;17;1
com.sk89q.worldedit.bukkit.adapter.impl.v1_21.PaperweightDataConverters.DataInspectorChunks;0;15;1
com.sk89q.worldedit.bukkit.adapter.impl.v1_21.PaperweightDataConverters.DataInspectorCommandBlock;0;15;1
com.sk89q.worldedit.bukkit.adapter.impl.v1_21.PaperweightDataConverters.DataInspectorEntity;0;16;1
com.sk89q.worldedit.bukkit.adapter.impl.v1_21.PaperweightDataConverters.DataInspectorEntityPassengers;0;15;1
com.sk89q.worldedit.bukkit.adapter.impl.v1_21.PaperweightDataConverters.DataInspectorItem;0;19;2
com.sk89q.worldedit.bukkit.adapter.impl.v1_21.PaperweightDataConverters.DataInspectorItemList;0;19;2
com.sk89q.worldedit.bukkit.adapter.impl.v1_21.PaperweightDataConverters.DataInspectorLevelPlayer;0;15;1
com.sk89q.worldedit.bukkit.adapter.impl.v1_21.PaperweightDataConverters.DataInspectorMobSpawnerMinecart;0;15;1
com.sk89q.worldedit.bukkit.adapter.impl.v1_21.PaperweightDataConverters.DataInspectorMobSpawnerMobs;0;15;1
com.sk89q.worldedit.bukkit.adapter.impl.v1_21.PaperweightDataConverters.DataInspectorPlayer;0;15;1
com.sk89q.worldedit.bukkit.adapter.impl.v1_21.PaperweightDataConverters.DataInspectorPlayerVehicle;0;15;1
com.sk89q.worldedit.bukkit.adapter.impl.v1_21.PaperweightDataConverters.DataInspectorStructure;0;15;1
com.sk89q.worldedit.bukkit.adapter.impl.v1_21.PaperweightDataConverters.DataInspectorTagged;2;17;1
com.sk89q.worldedit.bukkit.adapter.impl.v1_21.PaperweightDataConverters.DataInspectorVillagers;0;15;1
com.sk89q.worldedit.bukkit.adapter.impl.v1_21.PaperweightDataConverters.LegacyType;N/A;N/A;N/A
com.sk89q.worldedit.bukkit.adapter.impl.v1_21.PaperweightDataConverters.WrappedDataFixer;0;19;1
com.sk89q.worldedit.bukkit.adapter.impl.v1_21.PaperweightFakePlayer;1639;11;3
com.sk89q.worldedit.bukkit.adapter.impl.v1_21.PaperweightServerLevelDelegateProxy;27;9;4
com.sk89q.worldedit.bukkit.adapter.impl.v1_21.PaperweightWorldNativeAccess;56;19;3
com.sk89q.worldedit.bukkit.adapter.impl.v1_21.StaticRefraction;28;0;1
com.sk89q.worldedit.cli.CLIBlockCategoryRegistry;16;1;0
com.sk89q.worldedit.cli.CLIBlockRegistry;25;2;0
com.sk89q.worldedit.cli.CLICommandSender;60;18;4
com.sk89q.worldedit.cli.CLIConfiguration;80;3;0
com.sk89q.worldedit.cli.CLIExtraCommands;15;2;0
com.sk89q.worldedit.cli.CLIItemCategoryRegistry;16;1;0
com.sk89q.worldedit.cli.CLIPlatform;74;21;3
com.sk89q.worldedit.cli.CLIRegistries;41;5;4
com.sk89q.worldedit.cli.CLIWorld;N/A;N/A;N/A
com.sk89q.worldedit.cli.CLIWorldEdit;36;15;8
com.sk89q.worldedit.cli.data.FileRegistries;19;3;3
com.sk89q.worldedit.cli.data.FileRegistries.BlockManifest;0;13;1
com.sk89q.worldedit.cli.data.FileRegistries.BlockProperty;0;13;1
com.sk89q.worldedit.cli.data.FileRegistries.DataFile;0;13;1
com.sk89q.worldedit.cli.schematic.ClipboardWorld;128;29;3
com.sk89q.worldedit.command.ApplyBrushCommands;20;5;1
com.sk89q.worldedit.command.BiomeCommands;17;4;0
com.sk89q.worldedit.command.BrushCommands;39;24;2
com.sk89q.worldedit.command.ChunkCommands;18;4;1
com.sk89q.worldedit.command.ChunkCommands.ChunkListPaginationBox;0;40;4
com.sk89q.worldedit.command.ClipboardCommands;20;7;0
com.sk89q.worldedit.command.ExpandCommands;17;4;0
com.sk89q.worldedit.command.GeneralCommands;30;16;1
com.sk89q.worldedit.command.GeneralCommands.ItemSearcher;0;16;1
com.sk89q.worldedit.command.GenerationCommands;28;14;1
com.sk89q.worldedit.command.HistoryCommands;18;4;1
com.sk89q.worldedit.command.InsufficientArgumentsException;61;2;0
com.sk89q.worldedit.command.LegacySnapshotCommands;21;6;2
com.sk89q.worldedit.command.LegacySnapshotCommands.SnapshotListBox;0;40;4
com.sk89q.worldedit.command.LegacySnapshotUtilCommands;16;2;1
com.sk89q.worldedit.command.NavigationCommands;23;9;1
com.sk89q.worldedit.command.PaintBrushCommands;21;5;1
com.sk89q.worldedit.command.RegionCommands;33;20;0
com.sk89q.worldedit.command.SchematicCommands;23;8;2
com.sk89q.worldedit.command.SchematicCommands.SchematicListTask;0;16;1
com.sk89q.worldedit.command.SchematicCommands.SchematicLoadTask;0;16;1
com.sk89q.worldedit.command.SchematicCommands.SchematicOutputTask;2;16;1
com.sk89q.worldedit.command.SchematicCommands.SchematicPaginationBox;0;40;4
com.sk89q.worldedit.command.SchematicCommands.SchematicSaveTask;0;18;2
com.sk89q.worldedit.command.SchematicCommands.SchematicShareTask;0;18;2
com.sk89q.worldedit.command.ScriptingCommands;17;3;1
com.sk89q.worldedit.command.SelectionCommands;34;20;1
com.sk89q.worldedit.command.SelectionCommands.BlockDistributionResult;0;41;4
com.sk89q.worldedit.command.SnapshotCommands;24;8;3
com.sk89q.worldedit.command.SnapshotCommands.SnapshotListBox;0;40;4
com.sk89q.worldedit.command.SnapshotUtilCommands;17;2;2
com.sk89q.worldedit.command.SuperPickaxeCommands;18;4;1
com.sk89q.worldedit.command.ToolCommands;33;18;2
com.sk89q.worldedit.command.ToolUtilCommands;21;7;1
com.sk89q.worldedit.command.UtilityCommands;34;20;1
com.sk89q.worldedit.command.WorldEditCommands;23;8;2
com.sk89q.worldedit.command.argument.AbstractDirectionConverter;32;9;3
com.sk89q.worldedit.command.argument.Arguments;N/A;N/A;N/A
com.sk89q.worldedit.command.argument.BooleanConverter;15;2;0
com.sk89q.worldedit.command.argument.Chunk3dVectorConverter;25;4;4
com.sk89q.worldedit.command.argument.ClipboardFormatConverter;23;5;1
com.sk89q.worldedit.command.argument.ClipboardShareDestinationConverter;23;5;1
com.sk89q.worldedit.command.argument.CommaSeparatedValuesConverter;29;8;2
com.sk89q.worldedit.command.argument.DirectionConverter;29;3;0
com.sk89q.worldedit.command.argument.DirectionVectorConverter;29;3;0
com.sk89q.worldedit.command.argument.EntityRemoverConverter;23;5;1
com.sk89q.worldedit.command.argument.EnumConverter;17;4;0
com.sk89q.worldedit.command.argument.FactoryConverter;27;6;4
com.sk89q.worldedit.command.argument.HeightConverter;23;4;2
com.sk89q.worldedit.command.argument.OffsetConverter;25;6;2
com.sk89q.worldedit.command.argument.RegionFactoryConverter;15;2;0
com.sk89q.worldedit.command.argument.RegistryConverter;25;6;2
com.sk89q.worldedit.command.argument.SelectorChoice;N/A;N/A;N/A
com.sk89q.worldedit.command.argument.SelectorChoiceConverter;16;3;0
com.sk89q.worldedit.command.argument.SelectorChoiceList;15;1;1
com.sk89q.worldedit.command.argument.SelectorChoiceOrList;N/A;N/A;N/A
com.sk89q.worldedit.command.argument.SideEffectConverter;24;6;1
com.sk89q.worldedit.command.argument.SideEffectSetConverter;24;5;2
com.sk89q.worldedit.command.argument.VectorConverter;27;4;5
com.sk89q.worldedit.command.argument.WorldConverter;24;6;1
com.sk89q.worldedit.command.argument.ZonedDateTimeConverter;21;4;0
com.sk89q.worldedit.command.factory.FeatureGeneratorFactory;19;3;1
com.sk89q.worldedit.command.factory.ItemUseFactory;20;4;2
com.sk89q.worldedit.command.factory.ReplaceFactory;18;3;1
com.sk89q.worldedit.command.factory.TreeGeneratorFactory;18;3;1
com.sk89q.worldedit.command.tool.AreaPickaxe;20;3;0
com.sk89q.worldedit.command.tool.BlockDataCyler;23;4;1
com.sk89q.worldedit.command.tool.BlockReplacer;23;4;1
com.sk89q.worldedit.command.tool.BlockTool;N/A;N/A;N/A
com.sk89q.worldedit.command.tool.BrushTool;39;16;4
com.sk89q.worldedit.command.tool.DistanceWand;43;4;0
com.sk89q.worldedit.command.tool.DoubleActionBlockTool;N/A;N/A;N/A
com.sk89q.worldedit.command.tool.DoubleActionTraceTool;N/A;N/A;N/A
com.sk89q.worldedit.command.tool.FloatingTreeRemover;23;5;1
com.sk89q.worldedit.command.tool.FloodFillTool;22;4;1
com.sk89q.worldedit.command.tool.InvalidToolBindException;63;3;1
com.sk89q.worldedit.command.tool.LongRangeBuildTool;46;5;1
com.sk89q.worldedit.command.tool.NavigationWand;21;3;1
com.sk89q.worldedit.command.tool.QueryTool;18;2;0
com.sk89q.worldedit.command.tool.RecursivePickaxe;21;4;0
com.sk89q.worldedit.command.tool.SelectionWand;21;3;0
com.sk89q.worldedit.command.tool.SinglePickaxe;18;2;0
com.sk89q.worldedit.command.tool.StackTool;21;3;1
com.sk89q.worldedit.command.tool.Tool;N/A;N/A;N/A
com.sk89q.worldedit.command.tool.TraceTool;N/A;N/A;N/A
com.sk89q.worldedit.command.tool.TreePlanter;20;3;1
com.sk89q.worldedit.command.tool.brush.Brush;N/A;N/A;N/A
com.sk89q.worldedit.command.tool.brush.ButcherBrush;17;2;1
com.sk89q.worldedit.command.tool.brush.ClipboardBrush;25;4;2
com.sk89q.worldedit.command.tool.brush.CylinderBrush;17;2;0
com.sk89q.worldedit.command.tool.brush.GravityBrush;18;2;0
com.sk89q.worldedit.command.tool.brush.HollowCylinderBrush;17;2;0
com.sk89q.worldedit.command.tool.brush.HollowSphereBrush;15;1;0
com.sk89q.worldedit.command.tool.brush.ImageHeightmapBrush;21;2;1
com.sk89q.worldedit.command.tool.brush.MorphBrush;20;2;0
com.sk89q.worldedit.command.tool.brush.OperationFactoryBrush;20;3;3
com.sk89q.worldedit.command.tool.brush.SmoothBrush;19;3;1
com.sk89q.worldedit.command.tool.brush.SnowSmoothBrush;21;4;1
com.sk89q.worldedit.command.tool.brush.SphereBrush;15;1;0
com.sk89q.worldedit.command.tool.brush.SplatterBrush;17;2;0
com.sk89q.worldedit.command.util.AsyncCommandBuilder;38;14;8
com.sk89q.worldedit.command.util.CommandPermissions;N/A;N/A;N/A
com.sk89q.worldedit.command.util.CommandPermissionsConditionGenerator;15;1;0
com.sk89q.worldedit.command.util.CommandPermissionsConditionGenerator.Registration;N/A;N/A;N/A
com.sk89q.worldedit.command.util.CreatureButcher;19;4;1
com.sk89q.worldedit.command.util.CreatureButcher.Flags;N/A;14;1
com.sk89q.worldedit.command.util.EntityRemover;17;3;1
com.sk89q.worldedit.command.util.EntityRemover.Type;N/A;N/A;N/A
com.sk89q.worldedit.command.util.FutureProgressListener;25;7;2
com.sk89q.worldedit.command.util.HookMode;N/A;N/A;N/A
com.sk89q.worldedit.command.util.Logging;N/A;N/A;N/A
com.sk89q.worldedit.command.util.Logging.LogMode;N/A;N/A;N/A
com.sk89q.worldedit.command.util.MessageTimerTask;29;3;2
com.sk89q.worldedit.command.util.PermissionCondition;23;3;2
com.sk89q.worldedit.command.util.PrintCommandHelp;18;5;0
com.sk89q.worldedit.command.util.SubCommandPermissionCondition;25;2;1
com.sk89q.worldedit.command.util.SubCommandPermissionCondition.Generator;0;15;1
com.sk89q.worldedit.command.util.SuggestionHelper;18;5;0
com.sk89q.worldedit.command.util.WorldEditAsyncCommandBuilder;16;3;0
com.sk89q.worldedit.entity.BaseEntity;29;7;2
com.sk89q.worldedit.entity.Entity;N/A;N/A;N/A
com.sk89q.worldedit.entity.Player;N/A;N/A;N/A
com.sk89q.worldedit.entity.metadata.EntityProperties;N/A;N/A;N/A
com.sk89q.worldedit.event.AbstractCancellable;18;2;0
com.sk89q.worldedit.event.Cancellable;N/A;N/A;N/A
com.sk89q.worldedit.event.Event;13;0;0
com.sk89q.worldedit.event.extent.EditSessionEvent;30;10;5
com.sk89q.worldedit.event.platform.BlockInteractEvent;28;8;4
com.sk89q.worldedit.event.platform.CommandEvent;23;3;2
com.sk89q.worldedit.event.platform.CommandSuggestionEvent;21;5;3
com.sk89q.worldedit.event.platform.ConfigurationLoadEvent;16;2;1
com.sk89q.worldedit.event.platform.InputType;N/A;N/A;N/A
com.sk89q.worldedit.event.platform.Interaction;N/A;N/A;N/A
com.sk89q.worldedit.event.platform.PlatformEvent;16;2;1
com.sk89q.worldedit.event.platform.PlatformInitializeEvent;13;0;0
com.sk89q.worldedit.event.platform.PlatformReadyEvent;17;1;0
com.sk89q.worldedit.event.platform.PlatformUnreadyEvent;17;1;0
com.sk89q.worldedit.event.platform.PlatformsRegisteredEvent;13;0;0
com.sk89q.worldedit.event.platform.PlayerInputEvent;23;5;2
com.sk89q.worldedit.event.platform.SessionIdleEvent;16;2;1
com.sk89q.worldedit.extension.factory.BlockFactory;23;2;0
com.sk89q.worldedit.extension.factory.ItemFactory;22;1;0
com.sk89q.worldedit.extension.factory.MaskFactory;24;3;0
com.sk89q.worldedit.extension.factory.PatternFactory;22;1;0
com.sk89q.worldedit.extension.factory.parser.DefaultBlockParser;26;7;1
com.sk89q.worldedit.extension.factory.parser.DefaultItemParser;22;4;0
com.sk89q.worldedit.extension.factory.parser.mask.AirMaskParser;28;3;1
com.sk89q.worldedit.extension.factory.parser.mask.BiomeMaskParser;21;3;0
com.sk89q.worldedit.extension.factory.parser.mask.BlockCategoryMaskParser;21;3;0
com.sk89q.worldedit.extension.factory.parser.mask.BlockStateMaskParser;21;3;0
com.sk89q.worldedit.extension.factory.parser.mask.BlocksMaskParser;21;3;0
com.sk89q.worldedit.extension.factory.parser.mask.ExistingMaskParser;28;3;1
com.sk89q.worldedit.extension.factory.parser.mask.ExposedMaskParser;28;3;1
com.sk89q.worldedit.extension.factory.parser.mask.ExpressionMaskParser;21;3;0
com.sk89q.worldedit.extension.factory.parser.mask.LazyRegionMaskParser;28;3;1
com.sk89q.worldedit.extension.factory.parser.mask.NegateMaskParser;21;3;0
com.sk89q.worldedit.extension.factory.parser.mask.NoiseMaskParser;21;3;0
com.sk89q.worldedit.extension.factory.parser.mask.OffsetMaskParser;21;3;0
com.sk89q.worldedit.extension.factory.parser.mask.RegionMaskParser;28;3;1
com.sk89q.worldedit.extension.factory.parser.mask.SolidMaskParser;28;3;1
com.sk89q.worldedit.extension.factory.parser.pattern.BlockCategoryPatternParser;21;3;0
com.sk89q.worldedit.extension.factory.parser.pattern.ClipboardPatternParser;21;3;0
com.sk89q.worldedit.extension.factory.parser.pattern.RandomPatternParser;22;3;1
com.sk89q.worldedit.extension.factory.parser.pattern.RandomStatePatternParser;21;3;0
com.sk89q.worldedit.extension.factory.parser.pattern.SingleBlockPatternParser;21;3;0
com.sk89q.worldedit.extension.factory.parser.pattern.TypeOrStateApplyingPatternParser;21;3;0
com.sk89q.worldedit.extension.input.DisallowedUsageException;67;4;0
com.sk89q.worldedit.extension.input.InputParseException;63;4;0
com.sk89q.worldedit.extension.input.NoMatchException;67;4;0
com.sk89q.worldedit.extension.input.ParserContext;40;20;4
com.sk89q.worldedit.extension.platform.AbstractCommandBlockActor;52;4;2
com.sk89q.worldedit.extension.platform.AbstractNonPlayerActor;40;5;0
com.sk89q.worldedit.extension.platform.AbstractPlatform;48;7;2
com.sk89q.worldedit.extension.platform.AbstractPlayerActor;121;45;0
com.sk89q.worldedit.extension.platform.Actor;N/A;N/A;N/A
com.sk89q.worldedit.extension.platform.Annotations;15;2;0
com.sk89q.worldedit.extension.platform.Capability;N/A;N/A;N/A
com.sk89q.worldedit.extension.platform.Locatable;N/A;N/A;N/A
com.sk89q.worldedit.extension.platform.MultiUserPlatform;N/A;N/A;N/A
com.sk89q.worldedit.extension.platform.NoCapablePlatformException;60;4;0
com.sk89q.worldedit.extension.platform.Platform;N/A;N/A;N/A
com.sk89q.worldedit.extension.platform.PlatformCommandManager;40;16;11
com.sk89q.worldedit.extension.platform.PlatformManager;40;19;7
com.sk89q.worldedit.extension.platform.PlayerProxy;152;28;3
com.sk89q.worldedit.extension.platform.Preference;N/A;N/A;N/A
com.sk89q.worldedit.extension.platform.Watchdog;N/A;N/A;N/A
com.sk89q.worldedit.extension.platform.permission.ActorSelectorLimits;21;4;2
com.sk89q.worldedit.extension.platform.permission.OverridePermissions;15;1;1
com.sk89q.worldedit.extent.AbstractBufferingExtent;50;7;0
com.sk89q.worldedit.extent.AbstractDelegateExtent;43;15;1
com.sk89q.worldedit.extent.ChangeSetExtent;55;10;1
com.sk89q.worldedit.extent.ChangeSetExtent.TrackedEntity;0;29;1
com.sk89q.worldedit.extent.Extent;N/A;N/A;N/A
com.sk89q.worldedit.extent.InputExtent;N/A;N/A;N/A
com.sk89q.worldedit.extent.MaskingExtent;48;4;1
com.sk89q.worldedit.extent.NullExtent;39;12;0
com.sk89q.worldedit.extent.OutputExtent;N/A;N/A;N/A
com.sk89q.worldedit.extent.TracingExtent;53;8;2
com.sk89q.worldedit.extent.TracingExtent.Action;N/A;N/A;N/A
com.sk89q.worldedit.extent.buffer.ExtentBuffer;56;4;2
com.sk89q.worldedit.extent.buffer.ForgetfulExtentBuffer;60;8;3
com.sk89q.worldedit.extent.buffer.internal.BatchingExtent;60;8;1
com.sk89q.worldedit.extent.cache.LastAccessExtentCache;49;4;1
com.sk89q.worldedit.extent.cache.LastAccessExtentCache.CachedBlock;N/A;20;2
com.sk89q.worldedit.extent.clipboard.BlockArrayClipboard;55;17;5
com.sk89q.worldedit.extent.clipboard.BlockArrayClipboard.ClipboardEntity;0;31;2
com.sk89q.worldedit.extent.clipboard.Clipboard;N/A;N/A;N/A
com.sk89q.worldedit.extent.clipboard.StoredEntity;30;6;2
com.sk89q.worldedit.extent.clipboard.io.BuiltInClipboardFormat;N/A;N/A;N/A
com.sk89q.worldedit.extent.clipboard.io.ClipboardFormat;N/A;N/A;N/A
com.sk89q.worldedit.extent.clipboard.io.ClipboardFormats;24;8;3
com.sk89q.worldedit.extent.clipboard.io.ClipboardReader;N/A;N/A;N/A
com.sk89q.worldedit.extent.clipboard.io.ClipboardWriter;N/A;N/A;N/A
com.sk89q.worldedit.extent.clipboard.io.MCEditSchematicReader;29;7;4
com.sk89q.worldedit.extent.clipboard.io.NBTSchematicReader;19;2;0
com.sk89q.worldedit.extent.clipboard.io.SchematicLoadException;59;2;1
com.sk89q.worldedit.extent.clipboard.io.SpongeSchematicReader;23;5;1
com.sk89q.worldedit.extent.clipboard.io.SpongeSchematicWriter;23;1;0
com.sk89q.worldedit.extent.clipboard.io.legacycompat.BannerBlockCompatibilityHandler;20;2;1
com.sk89q.worldedit.extent.clipboard.io.legacycompat.BedBlockCompatibilityHandler;20;2;1
com.sk89q.worldedit.extent.clipboard.io.legacycompat.EntityNBTCompatibilityHandler;N/A;N/A;N/A
com.sk89q.worldedit.extent.clipboard.io.legacycompat.FlowerPotCompatibilityHandler;18;2;0
com.sk89q.worldedit.extent.clipboard.io.legacycompat.NBTCompatibilityHandler;N/A;N/A;N/A
com.sk89q.worldedit.extent.clipboard.io.legacycompat.NoteBlockCompatibilityHandler;18;1;1
com.sk89q.worldedit.extent.clipboard.io.legacycompat.Pre13HangingCompatibilityHandler;17;1;0
com.sk89q.worldedit.extent.clipboard.io.legacycompat.SignCompatibilityHandler;17;1;0
com.sk89q.worldedit.extent.clipboard.io.legacycompat.SkullBlockCompatibilityHandler;19;2;1
com.sk89q.worldedit.extent.clipboard.io.share.BuiltInClipboardShareDestinations;N/A;N/A;N/A
com.sk89q.worldedit.extent.clipboard.io.share.ClipboardShareDestination;N/A;N/A;N/A
com.sk89q.worldedit.extent.clipboard.io.share.ClipboardShareDestinations;19;4;2
com.sk89q.worldedit.extent.clipboard.io.share.ClipboardShareMetadata;24;4;2
com.sk89q.worldedit.extent.clipboard.io.share.ShareOutputProvider;N/A;N/A;N/A
com.sk89q.worldedit.extent.clipboard.io.sponge.ReaderUtil;25;11;1
com.sk89q.worldedit.extent.clipboard.io.sponge.SpongeSchematicV1Reader;25;7;1
com.sk89q.worldedit.extent.clipboard.io.sponge.SpongeSchematicV2Reader;27;8;2
com.sk89q.worldedit.extent.clipboard.io.sponge.SpongeSchematicV2Writer;24;5;1
com.sk89q.worldedit.extent.clipboard.io.sponge.SpongeSchematicV3Reader;27;8;2
com.sk89q.worldedit.extent.clipboard.io.sponge.SpongeSchematicV3Writer;26;7;1
com.sk89q.worldedit.extent.clipboard.io.sponge.SpongeSchematicV3Writer.PaletteMap;N/A;15;1
com.sk89q.worldedit.extent.clipboard.io.sponge.VersionedDataFixer;18;3;1
com.sk89q.worldedit.extent.clipboard.io.sponge.WriterUtil;17;4;0
com.sk89q.worldedit.extent.inventory.BlockBag;22;9;0
com.sk89q.worldedit.extent.inventory.BlockBagException;51;0;0
com.sk89q.worldedit.extent.inventory.BlockBagExtent;50;5;2
com.sk89q.worldedit.extent.inventory.OutOfBlocksException;51;0;0
com.sk89q.worldedit.extent.inventory.OutOfSpaceException;54;2;1
com.sk89q.worldedit.extent.inventory.UnplaceableBlockException;51;0;0
com.sk89q.worldedit.extent.reorder.ChunkBatchingExtent;60;8;1
com.sk89q.worldedit.extent.reorder.MultiStageReorder;62;9;1
com.sk89q.worldedit.extent.reorder.MultiStageReorder.PlacementPriority;N/A;N/A;N/A
com.sk89q.worldedit.extent.reorder.ReorderingExtent;N/A;N/A;N/A
com.sk89q.worldedit.extent.transform.BlockTransformExtent;53;8;2
com.sk89q.worldedit.extent.validation.BlockChangeLimiter;50;5;0
com.sk89q.worldedit.extent.validation.DataValidatorExtent;49;4;0
com.sk89q.worldedit.extent.world.BiomeQuirkExtent;45;2;0
com.sk89q.worldedit.extent.world.BlockQuirkExtent;46;2;1
com.sk89q.worldedit.extent.world.ChunkLoadingExtent;49;4;1
com.sk89q.worldedit.extent.world.SideEffectExtent;59;9;4
com.sk89q.worldedit.extent.world.SurvivalModeExtent;52;6;1
com.sk89q.worldedit.extent.world.WatchdogTickingExtent;59;12;1
com.sk89q.worldedit.fabric.CommandWrapper;17;4;0
com.sk89q.worldedit.fabric.FabricAdapter;38;24;1
com.sk89q.worldedit.fabric.FabricBiomeRegistry;17;2;0
com.sk89q.worldedit.fabric.FabricBiomeRegistry.FabricBiomeData;0;16;1
com.sk89q.worldedit.fabric.FabricBlockCategoryRegistry;16;1;0
com.sk89q.worldedit.fabric.FabricBlockCommandSender;69;16;2
com.sk89q.worldedit.fabric.FabricBlockMaterial;65;11;1
com.sk89q.worldedit.fabric.FabricBlockRegistry;28;4;1
com.sk89q.worldedit.fabric.FabricCommandSender;58;16;2
com.sk89q.worldedit.fabric.FabricConfiguration;82;3;0
com.sk89q.worldedit.fabric.FabricDataFixer;53;29;4
com.sk89q.worldedit.fabric.FabricDataFixer.DataConverter;N/A;N/A;N/A
com.sk89q.worldedit.fabric.FabricDataFixer.DataConverterArmorStand;0;18;1
com.sk89q.worldedit.fabric.FabricDataFixer.DataConverterBanner;0;18;1
com.sk89q.worldedit.fabric.FabricDataFixer.DataConverterBedBlock;0;18;1
com.sk89q.worldedit.fabric.FabricDataFixer.DataConverterBedItem;0;18;1
com.sk89q.worldedit.fabric.FabricDataFixer.DataConverterBook;0;18;1
com.sk89q.worldedit.fabric.FabricDataFixer.DataConverterCookedFish;0;18;1
com.sk89q.worldedit.fabric.FabricDataFixer.DataConverterDropChances;0;18;1
com.sk89q.worldedit.fabric.FabricDataFixer.DataConverterEntity;0;18;1
com.sk89q.worldedit.fabric.FabricDataFixer.DataConverterEquipment;0;18;1
com.sk89q.worldedit.fabric.FabricDataFixer.DataConverterGuardian;0;18;1
com.sk89q.worldedit.fabric.FabricDataFixer.DataConverterHanging;0;18;1
com.sk89q.worldedit.fabric.FabricDataFixer.DataConverterHealth;0;18;1
com.sk89q.worldedit.fabric.FabricDataFixer.DataConverterHorse;0;18;1
com.sk89q.worldedit.fabric.FabricDataFixer.DataConverterLang;0;18;1
com.sk89q.worldedit.fabric.FabricDataFixer.DataConverterMaterialId;0;18;1
com.sk89q.worldedit.fabric.FabricDataFixer.DataConverterMinecart;0;18;1
com.sk89q.worldedit.fabric.FabricDataFixer.DataConverterMobSpawner;0;18;1
com.sk89q.worldedit.fabric.FabricDataFixer.DataConverterPotionId;0;18;1
com.sk89q.worldedit.fabric.FabricDataFixer.DataConverterPotionWater;0;18;1
com.sk89q.worldedit.fabric.FabricDataFixer.DataConverterRiding;0;20;1
com.sk89q.worldedit.fabric.FabricDataFixer.DataConverterSaddle;0;18;1
com.sk89q.worldedit.fabric.FabricDataFixer.DataConverterShulker;0;18;1
com.sk89q.worldedit.fabric.FabricDataFixer.DataConverterShulkerBoxBlock;0;18;1
com.sk89q.worldedit.fabric.FabricDataFixer.DataConverterShulkerBoxItem;0;18;1
com.sk89q.worldedit.fabric.FabricDataFixer.DataConverterSignText;0;19;1
com.sk89q.worldedit.fabric.FabricDataFixer.DataConverterSkeleton;0;18;1
com.sk89q.worldedit.fabric.FabricDataFixer.DataConverterSpawnEgg;0;18;1
com.sk89q.worldedit.fabric.FabricDataFixer.DataConverterTileEntity;0;18;1
com.sk89q.worldedit.fabric.FabricDataFixer.DataConverterTotem;0;18;1
com.sk89q.worldedit.fabric.FabricDataFixer.DataConverterUUID;0;18;1
com.sk89q.worldedit.fabric.FabricDataFixer.DataConverterVBO;0;18;1
com.sk89q.worldedit.fabric.FabricDataFixer.DataConverterZombie;0;19;1
com.sk89q.worldedit.fabric.FabricDataFixer.DataConverterZombieType;0;18;1
com.sk89q.worldedit.fabric.FabricDataFixer.DataInspector;N/A;N/A;N/A
com.sk89q.worldedit.fabric.FabricDataFixer.DataInspectorBlockEntity;0;17;1
com.sk89q.worldedit.fabric.FabricDataFixer.DataInspectorChunks;0;15;1
com.sk89q.worldedit.fabric.FabricDataFixer.DataInspectorCommandBlock;0;15;1
com.sk89q.worldedit.fabric.FabricDataFixer.DataInspectorEntity;0;16;1
com.sk89q.worldedit.fabric.FabricDataFixer.DataInspectorEntityPassengers;0;15;1
com.sk89q.worldedit.fabric.FabricDataFixer.DataInspectorItem;0;19;2
com.sk89q.worldedit.fabric.FabricDataFixer.DataInspectorItemList;0;19;2
com.sk89q.worldedit.fabric.FabricDataFixer.DataInspectorLevelPlayer;0;15;1
com.sk89q.worldedit.fabric.FabricDataFixer.DataInspectorMobSpawnerMinecart;0;15;1
com.sk89q.worldedit.fabric.FabricDataFixer.DataInspectorMobSpawnerMobs;0;15;1
com.sk89q.worldedit.fabric.FabricDataFixer.DataInspectorPlayer;0;15;1
com.sk89q.worldedit.fabric.FabricDataFixer.DataInspectorPlayerVehicle;0;15;1
com.sk89q.worldedit.fabric.FabricDataFixer.DataInspectorStructure;0;15;1
com.sk89q.worldedit.fabric.FabricDataFixer.DataInspectorTagged;2;17;1
com.sk89q.worldedit.fabric.FabricDataFixer.DataInspectorVillagers;0;15;1
com.sk89q.worldedit.fabric.FabricDataFixer.LegacyType;N/A;N/A;N/A
com.sk89q.worldedit.fabric.FabricDataFixer.WrappedDataFixer;0;19;1
com.sk89q.worldedit.fabric.FabricEntityProperties;55;21;1
com.sk89q.worldedit.fabric.FabricItemCategoryRegistry;16;1;0
com.sk89q.worldedit.fabric.FabricItemRegistry;23;2;0
com.sk89q.worldedit.fabric.FabricPermissionsProvider;N/A;N/A;N/A
com.sk89q.worldedit.fabric.FabricPermissionsProvider.LuckoFabricPermissionsProvider;0;21;2
com.sk89q.worldedit.fabric.FabricPermissionsProvider.VanillaPermissionsProvider;1;18;1
com.sk89q.worldedit.fabric.FabricPlatform;78;23;4
com.sk89q.worldedit.fabric.FabricPlayer;147;26;1
com.sk89q.worldedit.fabric.FabricPlayer.SessionKeyImpl;0;22;1
com.sk89q.worldedit.fabric.FabricRegistries;44;6;6
com.sk89q.worldedit.fabric.FabricWorld;137;47;4
com.sk89q.worldedit.fabric.FabricWorldEdit;50;25;10
com.sk89q.worldedit.fabric.ThreadSafeCache;21;3;2
com.sk89q.worldedit.fabric.WorldEditFakePlayer;1377;6;2
com.sk89q.worldedit.fabric.WorldEditGenListener;21;4;0
com.sk89q.worldedit.fabric.internal.ExtendedChunk;N/A;N/A;N/A
com.sk89q.worldedit.fabric.internal.ExtendedMinecraftServer;N/A;N/A;N/A
com.sk89q.worldedit.fabric.internal.FabricEntity;30;7;1
com.sk89q.worldedit.fabric.internal.FabricServerLevelDelegateProxy;24;8;2
com.sk89q.worldedit.fabric.internal.FabricTransmogrifier;20;6;1
com.sk89q.worldedit.fabric.internal.FabricWorldNativeAccess;54;18;2
com.sk89q.worldedit.fabric.internal.MixinConfigPlugin;28;7;1
com.sk89q.worldedit.fabric.internal.NBTConverter;41;28;0
com.sk89q.worldedit.fabric.internal.PropertyAdapter;24;6;2
com.sk89q.worldedit.fabric.mixin.MixinLevelChunkSetBlockHook;130;3;0
com.sk89q.worldedit.fabric.mixin.MixinMinecraftServer;19;2;1
com.sk89q.worldedit.fabric.mixin.MixinServerGamePacketListenerImpl;17;2;1
com.sk89q.worldedit.fabric.net.handler.WECUIPacketHandler;16;2;1
com.sk89q.worldedit.fabric.net.handler.WECUIPacketHandler.CuiPacket;N/A;24;2
com.sk89q.worldedit.function.CombinedRegionFunction;21;6;1
com.sk89q.worldedit.function.Contextual;N/A;N/A;N/A
com.sk89q.worldedit.function.EditContext;25;8;4
com.sk89q.worldedit.function.EntityFunction;N/A;N/A;N/A
com.sk89q.worldedit.function.FlatRegionFunction;N/A;N/A;N/A
com.sk89q.worldedit.function.FlatRegionMaskingFilter;18;2;2
com.sk89q.worldedit.function.GroundFunction;24;6;2
com.sk89q.worldedit.function.ItemUseFunction;20;3;3
com.sk89q.worldedit.function.LayerFunction;N/A;N/A;N/A
com.sk89q.worldedit.function.RegionFunction;N/A;N/A;N/A
com.sk89q.worldedit.function.RegionMaskingFilter;18;2;2
com.sk89q.worldedit.function.biome.BiomeReplace;21;4;2
com.sk89q.worldedit.function.biome.ExtentBiomeCopy;24;4;3
com.sk89q.worldedit.function.block.ApplySideEffect;18;2;2
com.sk89q.worldedit.function.block.BlockDistributionCounter;21;3;3
com.sk89q.worldedit.function.block.BlockReplace;18;2;2
com.sk89q.worldedit.function.block.Counter;17;2;0
com.sk89q.worldedit.function.block.ExtentBlockCopy;22;3;3
com.sk89q.worldedit.function.block.Naturalizer;24;6;2
com.sk89q.worldedit.function.block.SnowSimulator;28;4;4
com.sk89q.worldedit.function.entity.ExtentEntityCopy;25;6;3
com.sk89q.worldedit.function.entity.ExtentEntityCopy.FacingTagData;N/A;20;2
com.sk89q.worldedit.function.factory.Apply;20;4;2
com.sk89q.worldedit.function.factory.ApplyLayer;20;4;2
com.sk89q.worldedit.function.factory.ApplyRegion;20;4;2
com.sk89q.worldedit.function.factory.BiomeFactory;18;3;1
com.sk89q.worldedit.function.factory.Deform;33;14;5
com.sk89q.worldedit.function.factory.Deform.DeformOperation;N/A;31;2
com.sk89q.worldedit.function.factory.Deform.Mode;N/A;N/A;N/A
com.sk89q.worldedit.function.factory.Paint;22;4;3
com.sk89q.worldedit.function.factory.Snow;18;3;0
com.sk89q.worldedit.function.generator.FeatureGenerator;18;2;2
com.sk89q.worldedit.function.generator.FloraGenerator;24;6;2
com.sk89q.worldedit.function.generator.ForestGenerator;18;2;2
com.sk89q.worldedit.function.generator.GardenPatchGenerator;28;9;3
com.sk89q.worldedit.function.mask.AbstractExtentMask;19;3;1
com.sk89q.worldedit.function.mask.AbstractMask;15;0;0
com.sk89q.worldedit.function.mask.AbstractMask2D;14;0;0
com.sk89q.worldedit.function.mask.BiomeMask;23;6;2
com.sk89q.worldedit.function.mask.BiomeMask2D;22;6;2
com.sk89q.worldedit.function.mask.BlockCategoryMask;22;2;1
com.sk89q.worldedit.function.mask.BlockMask;26;6;1
com.sk89q.worldedit.function.mask.BlockStateMask;25;3;1
com.sk89q.worldedit.function.mask.BlockTypeMask;26;6;1
com.sk89q.worldedit.function.mask.BoundedHeightMask;19;2;0
com.sk89q.worldedit.function.mask.ExistingBlockMask;21;2;0
com.sk89q.worldedit.function.mask.ExpressionMask;22;5;2
com.sk89q.worldedit.function.mask.ExpressionMask2D;20;4;2
com.sk89q.worldedit.function.mask.Mask;N/A;N/A;N/A
com.sk89q.worldedit.function.mask.Mask2D;N/A;N/A;N/A
com.sk89q.worldedit.function.mask.MaskIntersection;23;7;1
com.sk89q.worldedit.function.mask.MaskIntersection2D;21;6;1
com.sk89q.worldedit.function.mask.MaskMemoizer;23;5;2
com.sk89q.worldedit.function.mask.MaskMemoizer2D;21;4;2
com.sk89q.worldedit.function.mask.MaskUnion;27;4;0
com.sk89q.worldedit.function.mask.MaskUnion2D;24;3;0
com.sk89q.worldedit.function.mask.Masks;23;8;2
com.sk89q.worldedit.function.mask.Masks.AlwaysFalse;0;19;1
com.sk89q.worldedit.function.mask.Masks.AlwaysTrue;0;19;1
com.sk89q.worldedit.function.mask.Masks.NegatedMask;N/A;23;2
com.sk89q.worldedit.function.mask.Masks.NegatedMask2D;N/A;21;2
com.sk89q.worldedit.function.mask.NoiseFilter;24;7;1
com.sk89q.worldedit.function.mask.NoiseFilter2D;22;6;1
com.sk89q.worldedit.function.mask.OffsetMask;24;7;2
com.sk89q.worldedit.function.mask.OffsetMask2D;22;6;2
com.sk89q.worldedit.function.mask.OffsetsMask;31;10;2
com.sk89q.worldedit.function.mask.OffsetsMask.Builder;N/A;20;1
com.sk89q.worldedit.function.mask.OffsetsMask2D;29;9;2
com.sk89q.worldedit.function.mask.OffsetsMask2D.Builder;N/A;20;1
com.sk89q.worldedit.function.mask.RegionMask;20;4;1
com.sk89q.worldedit.function.mask.SolidBlockMask;21;2;0
com.sk89q.worldedit.function.mask.SplatterMask;22;3;1
com.sk89q.worldedit.function.mask.SplatterMask2D;19;2;1
com.sk89q.worldedit.function.operation.ChangeSetExecutor;25;5;3
com.sk89q.worldedit.function.operation.ChangeSetExecutor.Type;N/A;N/A;N/A
com.sk89q.worldedit.function.operation.DelegateOperation;23;4;1
com.sk89q.worldedit.function.operation.ForwardExtentCopy;56;20;8
com.sk89q.worldedit.function.operation.Operation;N/A;N/A;N/A
com.sk89q.worldedit.function.operation.OperationQueue;27;7;3
com.sk89q.worldedit.function.operation.Operations;17;4;0
com.sk89q.worldedit.function.operation.RunContext;14;1;0
com.sk89q.worldedit.function.operation.SetBlockMap;22;3;2
com.sk89q.worldedit.function.operation.SetLocatedBlocks;22;3;2
com.sk89q.worldedit.function.pattern.AbstractExtentPattern;19;2;1
com.sk89q.worldedit.function.pattern.AbstractPattern;15;0;0
com.sk89q.worldedit.function.pattern.BiomePattern;N/A;N/A;N/A
com.sk89q.worldedit.function.pattern.BlockPattern;20;4;1
com.sk89q.worldedit.function.pattern.ClipboardPattern;30;2;0
com.sk89q.worldedit.function.pattern.ExtentBufferedCompositePattern;22;2;1
com.sk89q.worldedit.function.pattern.ExtentPattern;N/A;N/A;N/A
com.sk89q.worldedit.function.pattern.Pattern;N/A;N/A;N/A
com.sk89q.worldedit.function.pattern.RandomPattern;20;2;2
com.sk89q.worldedit.function.pattern.RandomPattern.Chance;N/A;20;2
com.sk89q.worldedit.function.pattern.RandomStatePattern;19;2;2
com.sk89q.worldedit.function.pattern.RepeatingExtentPattern;28;6;1
com.sk89q.worldedit.function.pattern.StateApplyingPattern;23;2;1
com.sk89q.worldedit.function.pattern.TypeApplyingPattern;22;2;1
com.sk89q.worldedit.function.pattern.WaterloggedRemover;21;2;0
com.sk89q.worldedit.function.util.FlatRegionOffset;20;4;2
com.sk89q.worldedit.function.util.RegionOffset;20;4;2
com.sk89q.worldedit.function.visitor.BreadthFirstSearch;33;11;4
com.sk89q.worldedit.function.visitor.DownwardVisitor;39;2;0
com.sk89q.worldedit.function.visitor.EntityVisitor;25;5;2
com.sk89q.worldedit.function.visitor.FlatRegionVisitor;25;5;2
com.sk89q.worldedit.function.visitor.LayerVisitor;27;5;3
com.sk89q.worldedit.function.visitor.NonRisingVisitor;37;1;0
com.sk89q.worldedit.function.visitor.RecursiveVisitor;36;2;1
com.sk89q.worldedit.function.visitor.RegionVisitor;25;5;2
com.sk89q.worldedit.history.UndoContext;16;2;1
com.sk89q.worldedit.history.change.BiomeChange;24;6;2
com.sk89q.worldedit.history.change.BiomeChange3D;31;9;2
com.sk89q.worldedit.history.change.BlockChange;32;10;2
com.sk89q.worldedit.history.change.Change;N/A;N/A;N/A
com.sk89q.worldedit.history.change.EntityCreate;21;3;3
com.sk89q.worldedit.history.change.EntityRemove;21;3;3
com.sk89q.worldedit.history.changeset.ArrayListHistory;27;6;1
com.sk89q.worldedit.history.changeset.BlockOptimizedHistory;34;5;1
com.sk89q.worldedit.history.changeset.ChangeSet;N/A;N/A;N/A
com.sk89q.worldedit.internal.Constants;25;1;1
com.sk89q.worldedit.internal.SchematicsEventListener;15;1;1
com.sk89q.worldedit.internal.annotation.Chunk3d;N/A;N/A;N/A
com.sk89q.worldedit.internal.annotation.ClipboardMask;N/A;N/A;N/A
com.sk89q.worldedit.internal.annotation.Direction;N/A;N/A;N/A
com.sk89q.worldedit.internal.annotation.MultiDirection;N/A;N/A;N/A
com.sk89q.worldedit.internal.annotation.Offset;N/A;N/A;N/A
com.sk89q.worldedit.internal.annotation.OptionalArg;N/A;N/A;N/A
com.sk89q.worldedit.internal.annotation.Radii;N/A;N/A;N/A
com.sk89q.worldedit.internal.annotation.Selection;N/A;N/A;N/A
com.sk89q.worldedit.internal.annotation.VertHeight;N/A;N/A;N/A
com.sk89q.worldedit.internal.anvil.ChunkDeleter;37;14;6
com.sk89q.worldedit.internal.anvil.ChunkDeleter.BlockVector2Adapter;0;25;2
com.sk89q.worldedit.internal.anvil.ChunkDeleter.RegionFilePos;0;21;1
com.sk89q.worldedit.internal.anvil.ChunkDeletionInfo;14;0;1
com.sk89q.worldedit.internal.anvil.ChunkDeletionInfo.ChunkBatch;0;14;1
com.sk89q.worldedit.internal.anvil.ChunkDeletionInfo.DeletionPredicate;0;13;1
com.sk89q.worldedit.internal.anvil.RegionAccess;25;8;1
com.sk89q.worldedit.internal.block.BlockStateIdAccess;27;9;3
com.sk89q.worldedit.internal.block.BlockStateIdAccess.BlockStateInternalId;N/A;N/A;N/A
com.sk89q.worldedit.internal.command.CommandArgParser;25;7;3
com.sk89q.worldedit.internal.command.CommandArgParser.State;N/A;N/A;N/A
com.sk89q.worldedit.internal.command.CommandLoggingHandler;22;3;2
com.sk89q.worldedit.internal.command.CommandRegistrationHandler;17;2;2
com.sk89q.worldedit.internal.command.CommandUtil;36;21;2
com.sk89q.worldedit.internal.command.CommandUtil.NewCommandGenerator;N/A;N/A;N/A
com.sk89q.worldedit.internal.command.CommandUtil.ReplacementMessageGenerator;N/A;N/A;N/A
com.sk89q.worldedit.internal.command.exception.ExceptionConverter;N/A;N/A;N/A
com.sk89q.worldedit.internal.command.exception.ExceptionConverterHelper;17;2;1
com.sk89q.worldedit.internal.command.exception.ExceptionConverterHelper.ExceptionHandler;N/A;22;2
com.sk89q.worldedit.internal.command.exception.ExceptionMatch;N/A;N/A;N/A
com.sk89q.worldedit.internal.command.exception.WorldEditExceptionConverter;43;24;2
com.sk89q.worldedit.internal.cui.CUIEvent;N/A;N/A;N/A
com.sk89q.worldedit.internal.cui.CUIRegion;N/A;N/A;N/A
com.sk89q.worldedit.internal.cui.SelectionCylinderEvent;20;3;2
com.sk89q.worldedit.internal.cui.SelectionEllipsoidPointEvent;20;3;1
com.sk89q.worldedit.internal.cui.SelectionMinMaxEvent;20;3;0
com.sk89q.worldedit.internal.cui.SelectionPoint2DEvent;25;6;0
com.sk89q.worldedit.internal.cui.SelectionPointEvent;22;4;1
com.sk89q.worldedit.internal.cui.SelectionPolygonEvent;19;3;0
com.sk89q.worldedit.internal.cui.SelectionShapeEvent;19;3;1
com.sk89q.worldedit.internal.cui.ServerCUIHandler;17;3;0
com.sk89q.worldedit.internal.event.InteractionDebouncer;19;4;2
com.sk89q.worldedit.internal.event.InteractionDebouncer.Interaction;N/A;20;2
com.sk89q.worldedit.internal.expression.CompiledExpression;N/A;N/A;N/A
com.sk89q.worldedit.internal.expression.EvaluationException;67;5;0
com.sk89q.worldedit.internal.expression.ExecutionData;26;5;4
com.sk89q.worldedit.internal.expression.Expression;29;10;6
com.sk89q.worldedit.internal.expression.ExpressionEnvironment;N/A;N/A;N/A
com.sk89q.worldedit.internal.expression.ExpressionException;62;5;0
com.sk89q.worldedit.internal.expression.ExpressionFunction;N/A;N/A;N/A
com.sk89q.worldedit.internal.expression.ExpressionHelper;26;12;1
com.sk89q.worldedit.internal.expression.ExpressionTimeoutException;67;1;0
com.sk89q.worldedit.internal.expression.ExpressionValidator;241;6;2
com.sk89q.worldedit.internal.expression.Functions;50;29;5
com.sk89q.worldedit.internal.expression.Identifiable;N/A;N/A;N/A
com.sk89q.worldedit.internal.expression.LexerErrorListener;23;1;0
com.sk89q.worldedit.internal.expression.LexerException;67;5;0
com.sk89q.worldedit.internal.expression.LocalSlot;N/A;N/A;N/A
com.sk89q.worldedit.internal.expression.LocalSlot.Constant;N/A;21;2
com.sk89q.worldedit.internal.expression.LocalSlot.Variable;N/A;18;1
com.sk89q.worldedit.internal.expression.ParserErrorListener;23;1;0
com.sk89q.worldedit.internal.expression.ParserException;67;5;0
com.sk89q.worldedit.internal.expression.SlotTable;21;7;1
com.sk89q.worldedit.internal.expression.invoke.BreakException;60;1;1
com.sk89q.worldedit.internal.expression.invoke.CompilingVisitor;183;46;2
com.sk89q.worldedit.internal.expression.invoke.ExecNode;22;3;1
com.sk89q.worldedit.internal.expression.invoke.ExpressionCompiler;17;1;3
com.sk89q.worldedit.internal.expression.invoke.ExpressionHandles;57;29;2
com.sk89q.worldedit.internal.expression.invoke.ExpressionHandles.Invokable;N/A;N/A;N/A
com.sk89q.worldedit.internal.expression.invoke.ReturnException;59;2;1
com.sk89q.worldedit.internal.helper.MCDirections;22;9;0
com.sk89q.worldedit.internal.registry.AbstractFactory;21;6;2
com.sk89q.worldedit.internal.registry.InputParser;18;4;1
com.sk89q.worldedit.internal.registry.SimpleInputParser;24;6;0
com.sk89q.worldedit.internal.util.ClipboardTransformBaker;19;4;2
com.sk89q.worldedit.internal.util.DeprecationUtil;19;6;0
com.sk89q.worldedit.internal.util.ErrorReporting;15;2;0
com.sk89q.worldedit.internal.util.InfoEntryPoint;18;3;1
com.sk89q.worldedit.internal.util.InfoEntryPoint.NavigableEditorPane;0;877;7
com.sk89q.worldedit.internal.util.LogManagerCompat;16;3;0
com.sk89q.worldedit.internal.util.NonAbstractForCompatibility;N/A;N/A;N/A
com.sk89q.worldedit.internal.util.RegionOptimizedVectorSorter;39;7;1
com.sk89q.worldedit.internal.util.Substring;26;10;1
com.sk89q.worldedit.internal.util.VarIntIterator;30;4;0
com.sk89q.worldedit.internal.wna.WorldNativeAccess;N/A;N/A;N/A
com.sk89q.worldedit.math.BitMath;20;7;0
com.sk89q.worldedit.math.BlockVector2;71;47;2
com.sk89q.worldedit.math.BlockVector3;93;60;1
com.sk89q.worldedit.math.BlockVector3.YzxOrderComparator;N/A;13;1
com.sk89q.worldedit.math.MathUtils;19;5;0
com.sk89q.worldedit.math.RegionOptimizedChunkComparator;16;1;1
com.sk89q.worldedit.math.RegionOptimizedComparator;15;1;1
com.sk89q.worldedit.math.Vector2;66;43;1
com.sk89q.worldedit.math.Vector3;76;51;1
com.sk89q.worldedit.math.Vector3.YzxOrderComparator;N/A;13;1
com.sk89q.worldedit.math.convolution.GaussianKernel;26;2;0
com.sk89q.worldedit.math.convolution.HeightMap;21;3;2
com.sk89q.worldedit.math.convolution.HeightMapFilter;22;8;1
com.sk89q.worldedit.math.convolution.Kernel;24;6;0
com.sk89q.worldedit.math.convolution.LinearKernel;26;2;0
com.sk89q.worldedit.math.convolution.SnowHeightMap;23;4;3
com.sk89q.worldedit.math.geom.Polygons;15;2;0
com.sk89q.worldedit.math.interpolation.Interpolation;N/A;N/A;N/A
com.sk89q.worldedit.math.interpolation.KochanekBartelsInterpolation;36;12;2
com.sk89q.worldedit.math.interpolation.LinearInterpolation;26;7;1
com.sk89q.worldedit.math.interpolation.Node;28;11;1
com.sk89q.worldedit.math.interpolation.ReparametrisingInterpolation;31;9;3
com.sk89q.worldedit.math.noise.JLibNoiseGenerator;25;8;2
com.sk89q.worldedit.math.noise.NoiseGenerator;N/A;N/A;N/A
com.sk89q.worldedit.math.noise.PerlinNoise;35;11;0
com.sk89q.worldedit.math.noise.RandomNoise;20;4;1
com.sk89q.worldedit.math.noise.RidgedMultiFractalNoise;33;9;0
com.sk89q.worldedit.math.noise.VoronoiNoise;29;5;0
com.sk89q.worldedit.math.transform.AffineTransform;71;38;0
com.sk89q.worldedit.math.transform.CombinedTransform;24;6;1
com.sk89q.worldedit.math.transform.Identity;21;4;0
com.sk89q.worldedit.math.transform.Transform;N/A;N/A;N/A
com.sk89q.worldedit.math.transform.Transforms;15;2;0
com.sk89q.worldedit.neoforge.CommandWrapper;18;4;1
com.sk89q.worldedit.neoforge.NeoForgeAdapter;37;23;1
com.sk89q.worldedit.neoforge.NeoForgeBiomeRegistry;17;2;0
com.sk89q.worldedit.neoforge.NeoForgeBiomeRegistry.ForgeBiomeData;0;16;1
com.sk89q.worldedit.neoforge.NeoForgeBlockCategoryRegistry;16;1;0
com.sk89q.worldedit.neoforge.NeoForgeBlockCommandSender;69;16;2
com.sk89q.worldedit.neoforge.NeoForgeBlockMaterial;65;11;1
com.sk89q.worldedit.neoforge.NeoForgeBlockRegistry;28;4;1
com.sk89q.worldedit.neoforge.NeoForgeCommandSender;58;16;2
com.sk89q.worldedit.neoforge.NeoForgeConfiguration;82;3;0
com.sk89q.worldedit.neoforge.NeoForgeDataFixer;52;28;4
com.sk89q.worldedit.neoforge.NeoForgeDataFixer.DataConverter;N/A;N/A;N/A
com.sk89q.worldedit.neoforge.NeoForgeDataFixer.DataConverterArmorStand;0;18;1
com.sk89q.worldedit.neoforge.NeoForgeDataFixer.DataConverterBanner;0;18;1
com.sk89q.worldedit.neoforge.NeoForgeDataFixer.DataConverterBedBlock;0;18;1
com.sk89q.worldedit.neoforge.NeoForgeDataFixer.DataConverterBedItem;0;18;1
com.sk89q.worldedit.neoforge.NeoForgeDataFixer.DataConverterBook;0;18;1
com.sk89q.worldedit.neoforge.NeoForgeDataFixer.DataConverterCookedFish;0;18;1
com.sk89q.worldedit.neoforge.NeoForgeDataFixer.DataConverterDropChances;0;18;1
com.sk89q.worldedit.neoforge.NeoForgeDataFixer.DataConverterEntity;0;18;1
com.sk89q.worldedit.neoforge.NeoForgeDataFixer.DataConverterEquipment;0;18;1
com.sk89q.worldedit.neoforge.NeoForgeDataFixer.DataConverterGuardian;0;18;1
com.sk89q.worldedit.neoforge.NeoForgeDataFixer.DataConverterHanging;0;18;1
com.sk89q.worldedit.neoforge.NeoForgeDataFixer.DataConverterHealth;0;18;1
com.sk89q.worldedit.neoforge.NeoForgeDataFixer.DataConverterHorse;0;18;1
com.sk89q.worldedit.neoforge.NeoForgeDataFixer.DataConverterLang;0;18;1
com.sk89q.worldedit.neoforge.NeoForgeDataFixer.DataConverterMaterialId;0;18;1
com.sk89q.worldedit.neoforge.NeoForgeDataFixer.DataConverterMinecart;0;18;1
com.sk89q.worldedit.neoforge.NeoForgeDataFixer.DataConverterMobSpawner;0;18;1
com.sk89q.worldedit.neoforge.NeoForgeDataFixer.DataConverterPotionId;0;18;1
com.sk89q.worldedit.neoforge.NeoForgeDataFixer.DataConverterPotionWater;0;18;1
com.sk89q.worldedit.neoforge.NeoForgeDataFixer.DataConverterRiding;0;20;1
com.sk89q.worldedit.neoforge.NeoForgeDataFixer.DataConverterSaddle;0;18;1
com.sk89q.worldedit.neoforge.NeoForgeDataFixer.DataConverterShulker;0;18;1
com.sk89q.worldedit.neoforge.NeoForgeDataFixer.DataConverterShulkerBoxBlock;0;18;1
com.sk89q.worldedit.neoforge.NeoForgeDataFixer.DataConverterShulkerBoxItem;0;18;1
com.sk89q.worldedit.neoforge.NeoForgeDataFixer.DataConverterSignText;0;19;1
com.sk89q.worldedit.neoforge.NeoForgeDataFixer.DataConverterSkeleton;0;18;1
com.sk89q.worldedit.neoforge.NeoForgeDataFixer.DataConverterSpawnEgg;0;18;1
com.sk89q.worldedit.neoforge.NeoForgeDataFixer.DataConverterTileEntity;0;18;1
com.sk89q.worldedit.neoforge.NeoForgeDataFixer.DataConverterTotem;0;18;1
com.sk89q.worldedit.neoforge.NeoForgeDataFixer.DataConverterUUID;0;18;1
com.sk89q.worldedit.neoforge.NeoForgeDataFixer.DataConverterVBO;0;18;1
com.sk89q.worldedit.neoforge.NeoForgeDataFixer.DataConverterZombie;0;19;1
com.sk89q.worldedit.neoforge.NeoForgeDataFixer.DataConverterZombieType;0;18;1
com.sk89q.worldedit.neoforge.NeoForgeDataFixer.DataInspector;N/A;N/A;N/A
com.sk89q.worldedit.neoforge.NeoForgeDataFixer.DataInspectorBlockEntity;0;17;1
com.sk89q.worldedit.neoforge.NeoForgeDataFixer.DataInspectorChunks;0;15;1
com.sk89q.worldedit.neoforge.NeoForgeDataFixer.DataInspectorCommandBlock;0;15;1
com.sk89q.worldedit.neoforge.NeoForgeDataFixer.DataInspectorEntity;0;16;1
com.sk89q.worldedit.neoforge.NeoForgeDataFixer.DataInspectorEntityPassengers;0;15;1
com.sk89q.worldedit.neoforge.NeoForgeDataFixer.DataInspectorItem;0;19;2
com.sk89q.worldedit.neoforge.NeoForgeDataFixer.DataInspectorItemList;0;19;2
com.sk89q.worldedit.neoforge.NeoForgeDataFixer.DataInspectorLevelPlayer;0;15;1
com.sk89q.worldedit.neoforge.NeoForgeDataFixer.DataInspectorMobSpawnerMinecart;0;15;1
com.sk89q.worldedit.neoforge.NeoForgeDataFixer.DataInspectorMobSpawnerMobs;0;15;1
com.sk89q.worldedit.neoforge.NeoForgeDataFixer.DataInspectorPlayer;0;15;1
com.sk89q.worldedit.neoforge.NeoForgeDataFixer.DataInspectorPlayerVehicle;0;15;1
com.sk89q.worldedit.neoforge.NeoForgeDataFixer.DataInspectorStructure;0;15;1
com.sk89q.worldedit.neoforge.NeoForgeDataFixer.DataInspectorTagged;2;17;1
com.sk89q.worldedit.neoforge.NeoForgeDataFixer.DataInspectorVillagers;0;15;1
com.sk89q.worldedit.neoforge.NeoForgeDataFixer.LegacyType;N/A;N/A;N/A
com.sk89q.worldedit.neoforge.NeoForgeDataFixer.WrappedDataFixer;0;19;1
com.sk89q.worldedit.neoforge.NeoForgeEntityProperties;55;21;1
com.sk89q.worldedit.neoforge.NeoForgeItemCategoryRegistry;16;1;0
com.sk89q.worldedit.neoforge.NeoForgeItemRegistry;23;2;0
com.sk89q.worldedit.neoforge.NeoForgePermissionsProvider;N/A;N/A;N/A
com.sk89q.worldedit.neoforge.NeoForgePermissionsProvider.VanillaPermissionsProvider;0;18;1
com.sk89q.worldedit.neoforge.NeoForgePlatform;80;24;5
com.sk89q.worldedit.neoforge.NeoForgePlayer;148;27;1
com.sk89q.worldedit.neoforge.NeoForgePlayer.SessionKeyImpl;0;22;1
com.sk89q.worldedit.neoforge.NeoForgeRegistries;44;6;6
com.sk89q.worldedit.neoforge.NeoForgeResourceLoader;22;3;0
com.sk89q.worldedit.neoforge.NeoForgeWatchdog;17;2;1
com.sk89q.worldedit.neoforge.NeoForgeWorld;136;46;4
com.sk89q.worldedit.neoforge.NeoForgeWorldEdit;47;24;9
com.sk89q.worldedit.neoforge.ThreadSafeCache;20;3;2
com.sk89q.worldedit.neoforge.WorldEditFakePlayer;1501;6;2
com.sk89q.worldedit.neoforge.WorldEditGenListener;21;4;0
com.sk89q.worldedit.neoforge.internal.ExtendedChunk;N/A;N/A;N/A
com.sk89q.worldedit.neoforge.internal.IPropertyAdapter;24;6;2
com.sk89q.worldedit.neoforge.internal.NBTConverter;41;28;0
com.sk89q.worldedit.neoforge.internal.NeoForgeEntity;30;7;1
com.sk89q.worldedit.neoforge.internal.NeoForgeServerLevelDelegateProxy;24;8;2
com.sk89q.worldedit.neoforge.internal.NeoForgeTransmogrifier;20;6;1
com.sk89q.worldedit.neoforge.internal.NeoForgeWorldNativeAccess;54;18;2
com.sk89q.worldedit.neoforge.mixin.AccessorServerPlayerGameMode;N/A;N/A;N/A
com.sk89q.worldedit.neoforge.mixin.MixinLevelChunkSetBlockHook;157;3;0
com.sk89q.worldedit.neoforge.mixin.MixinServerGamePacketListenerImpl;17;2;1
com.sk89q.worldedit.neoforge.net.handler.WECUIPacketHandler;17;2;2
com.sk89q.worldedit.neoforge.net.handler.WECUIPacketHandler.CuiPacket;N/A;24;2
com.sk89q.worldedit.regions.AbstractFlatRegion;58;3;0
com.sk89q.worldedit.regions.AbstractRegion;52;16;1
com.sk89q.worldedit.regions.ConvexPolyhedralRegion;76;17;4
com.sk89q.worldedit.regions.CuboidRegion;83;26;1
com.sk89q.worldedit.regions.CylinderRegion;94;33;3
com.sk89q.worldedit.regions.EllipsoidRegion;78;23;3
com.sk89q.worldedit.regions.FlatRegion;N/A;N/A;N/A
com.sk89q.worldedit.regions.NullRegion;54;18;1
com.sk89q.worldedit.regions.Polygonal2DRegion;91;30;2
com.sk89q.worldedit.regions.Region;N/A;N/A;N/A
com.sk89q.worldedit.regions.RegionIntersection;63;10;1
com.sk89q.worldedit.regions.RegionOperationException;61;2;0
com.sk89q.worldedit.regions.RegionSelector;N/A;N/A;N/A
com.sk89q.worldedit.regions.Regions;19;6;0
com.sk89q.worldedit.regions.TransformRegion;72;18;2
com.sk89q.worldedit.regions.factory.CuboidRegionFactory;15;1;0
com.sk89q.worldedit.regions.factory.CylinderRegionFactory;17;2;0
com.sk89q.worldedit.regions.factory.FixedHeightCuboidRegionFactory;18;2;0
com.sk89q.worldedit.regions.factory.FixedHeightCylinderRegionFactory;18;2;0
com.sk89q.worldedit.regions.factory.RegionFactory;N/A;N/A;N/A
com.sk89q.worldedit.regions.factory.SphereRegionFactory;15;1;0
com.sk89q.worldedit.regions.iterator.FlatRegion3DIterator;27;5;2
com.sk89q.worldedit.regions.iterator.FlatRegionIterator;29;5;1
com.sk89q.worldedit.regions.iterator.RegionIterator;31;6;2
com.sk89q.worldedit.regions.polyhedron.Edge;21;6;1
com.sk89q.worldedit.regions.polyhedron.Triangle;24;7;2
com.sk89q.worldedit.regions.selector.ConvexPolyhedralRegionSelector;62;24;2
com.sk89q.worldedit.regions.selector.CuboidRegionSelector;64;25;2
com.sk89q.worldedit.regions.selector.CylinderRegionSelector;65;25;2
com.sk89q.worldedit.regions.selector.EllipsoidRegionSelector;64;25;1
com.sk89q.worldedit.regions.selector.ExtendingCuboidRegionSelector;72;8;0
com.sk89q.worldedit.regions.selector.Polygonal2DRegionSelector;64;26;2
com.sk89q.worldedit.regions.selector.RegionSelectorType;N/A;N/A;N/A
com.sk89q.worldedit.regions.selector.SphereRegionSelector;71;7;0
com.sk89q.worldedit.regions.selector.limit.PermissiveSelectorLimits;20;4;1
com.sk89q.worldedit.regions.selector.limit.SelectorLimits;N/A;N/A;N/A
com.sk89q.worldedit.regions.shape.ArbitraryBiomeShape;29;7;3
com.sk89q.worldedit.regions.shape.ArbitraryShape;29;7;2
com.sk89q.worldedit.regions.shape.RegionShape;30;2;0
com.sk89q.worldedit.regions.shape.WorldEditExpressionEnvironment;34;11;2
com.sk89q.worldedit.registry.Category;27;8;3
com.sk89q.worldedit.registry.Keyed;N/A;N/A;N/A
com.sk89q.worldedit.registry.NamespacedRegistry;40;9;2
com.sk89q.worldedit.registry.Registry;28;9;2
com.sk89q.worldedit.registry.state.AbstractProperty;24;6;2
com.sk89q.worldedit.registry.state.BooleanProperty;26;2;0
com.sk89q.worldedit.registry.state.DirectionalProperty;26;2;0
com.sk89q.worldedit.registry.state.EnumProperty;26;2;0
com.sk89q.worldedit.registry.state.IntegerProperty;26;2;0
com.sk89q.worldedit.registry.state.Property;N/A;N/A;N/A
com.sk89q.worldedit.scripting.CraftScriptContext;38;17;2
com.sk89q.worldedit.scripting.CraftScriptEngine;N/A;N/A;N/A
com.sk89q.worldedit.scripting.CraftScriptEnvironment;19;1;5
com.sk89q.worldedit.scripting.MinecraftHidingClassShutter;15;1;0
com.sk89q.worldedit.scripting.RhinoContextFactory;45;4;0
com.sk89q.worldedit.scripting.RhinoContextFactory.RhinoContext;0;142;2
com.sk89q.worldedit.scripting.RhinoCraftScriptEngine;20;3;0
com.sk89q.worldedit.session.ClipboardHolder;20;5;2
com.sk89q.worldedit.session.MissingSessionException;55;4;0
com.sk89q.worldedit.session.PasteBuilder;30;8;5
com.sk89q.worldedit.session.Placement;25;6;2
com.sk89q.worldedit.session.PlacementType;N/A;N/A;N/A
com.sk89q.worldedit.session.SessionKey;N/A;N/A;N/A
com.sk89q.worldedit.session.SessionManager;38;16;7
com.sk89q.worldedit.session.SessionManager.SessionHolder;N/A;14;1
com.sk89q.worldedit.session.SessionManager.SessionTracker;0;19;2
com.sk89q.worldedit.session.SessionOwner;N/A;N/A;N/A
com.sk89q.worldedit.session.TransientSessionException;55;4;0
com.sk89q.worldedit.session.request.Request;29;11;4
com.sk89q.worldedit.session.request.RequestExtent;41;13;1
com.sk89q.worldedit.session.request.RequestSelection;54;19;0
com.sk89q.worldedit.session.storage.JsonFileSessionStore;23;5;3
com.sk89q.worldedit.session.storage.SessionStore;N/A;N/A;N/A
com.sk89q.worldedit.session.storage.VoidStore;17;2;0
com.sk89q.worldedit.sponge.CUIChannelHandler;18;2;2
com.sk89q.worldedit.sponge.CUIChannelHandler.RegistrationHandler;N/A;14;1
com.sk89q.worldedit.sponge.CommandAdapter;28;6;1
com.sk89q.worldedit.sponge.Constants;14;1;0
com.sk89q.worldedit.sponge.Constants.Sponge;0;14;1
com.sk89q.worldedit.sponge.SpongeAdapter;32;19;0
com.sk89q.worldedit.sponge.SpongeBiomeRegistry;17;2;0
com.sk89q.worldedit.sponge.SpongeBiomeRegistry.SpongeBiomeData;0;16;1
com.sk89q.worldedit.sponge.SpongeBlockCategoryRegistry;16;1;0
com.sk89q.worldedit.sponge.SpongeBlockCommandSender;69;15;3
com.sk89q.worldedit.sponge.SpongeBlockMaterial;65;11;1
com.sk89q.worldedit.sponge.SpongeBlockRegistry;28;4;1
com.sk89q.worldedit.sponge.SpongeCommandSender;55;18;2
com.sk89q.worldedit.sponge.SpongeEntity;30;7;1
com.sk89q.worldedit.sponge.SpongeEntityProperties;55;21;1
com.sk89q.worldedit.sponge.SpongeItemCategoryRegistry;16;1;0
com.sk89q.worldedit.sponge.SpongeItemRegistry;23;2;0
com.sk89q.worldedit.sponge.SpongePermissionsProvider;16;3;0
com.sk89q.worldedit.sponge.SpongePlatform;73;21;1
com.sk89q.worldedit.sponge.SpongePlayer;152;30;1
com.sk89q.worldedit.sponge.SpongePlayer.SessionKeyImpl;0;23;1
com.sk89q.worldedit.sponge.SpongeRegistries;44;6;6
com.sk89q.worldedit.sponge.SpongeTextAdapter;16;3;0
com.sk89q.worldedit.sponge.SpongeWorld;121;31;4
com.sk89q.worldedit.sponge.SpongeWorldEdit;48;25;9
com.sk89q.worldedit.sponge.ThreadSafeCache;19;3;2
com.sk89q.worldedit.sponge.config.ConfigurateConfiguration;70;2;3
com.sk89q.worldedit.sponge.config.SpongeConfiguration;75;3;0
com.sk89q.worldedit.sponge.internal.ExtendedChunk;N/A;N/A;N/A
com.sk89q.worldedit.sponge.internal.LocaleResolver;14;1;0
com.sk89q.worldedit.sponge.internal.NbtAdapter;31;17;1
com.sk89q.worldedit.sponge.internal.SpongeTransmogrifier;24;10;1
com.sk89q.worldedit.sponge.internal.SpongeWorldNativeAccess;54;18;2
com.sk89q.worldedit.util.Countable;24;8;1
com.sk89q.worldedit.util.Direction;N/A;N/A;N/A
com.sk89q.worldedit.util.Direction.Flag;N/A;14;1
com.sk89q.worldedit.util.Enums;15;2;0
com.sk89q.worldedit.util.Faceted;N/A;N/A;N/A
com.sk89q.worldedit.util.FileDialogUtil;16;3;0
com.sk89q.worldedit.util.FileDialogUtil.ExtensionFilter;0;19;2
com.sk89q.worldedit.util.GuavaUtil;15;2;0
com.sk89q.worldedit.util.HandSide;N/A;N/A;N/A
com.sk89q.worldedit.util.Identifiable;N/A;N/A;N/A
com.sk89q.worldedit.util.LocatedBlock;24;5;2
com.sk89q.worldedit.util.Location;47;30;2
com.sk89q.worldedit.util.PropertiesConfiguration;78;10;3
com.sk89q.worldedit.util.SideEffect;N/A;N/A;N/A
com.sk89q.worldedit.util.SideEffect.State;N/A;N/A;N/A
com.sk89q.worldedit.util.SideEffectSet;29;12;2
com.sk89q.worldedit.util.TargetBlock;36;13;4
com.sk89q.worldedit.util.TreeGenerator;19;5;1
com.sk89q.worldedit.util.TreeGenerator.TreeType;N/A;N/A;N/A
com.sk89q.worldedit.util.WeightedChoice;20;3;2
com.sk89q.worldedit.util.WeightedChoice.Choice;0;16;1
com.sk89q.worldedit.util.YAMLConfiguration;70;3;2
com.sk89q.worldedit.util.asset.AssetLoadTask;18;2;2
com.sk89q.worldedit.util.asset.AssetLoader;20;4;3
com.sk89q.worldedit.util.asset.AssetLoaders;26;8;5
com.sk89q.worldedit.util.asset.ImageHeightmapLoader;23;3;0
com.sk89q.worldedit.util.asset.holder.ImageHeightmap;18;2;1
com.sk89q.worldedit.util.auth.AuthorizationException;65;6;0
com.sk89q.worldedit.util.auth.Subject;N/A;N/A;N/A
com.sk89q.worldedit.util.collection.BlockMap;106;35;4
com.sk89q.worldedit.util.collection.BlockMap.LazyEntry;N/A;30;1
com.sk89q.worldedit.util.collection.DoubleArrayList;25;6;1
com.sk89q.worldedit.util.collection.DoubleArrayList.Entry;0;27;1
com.sk89q.worldedit.util.collection.DoubleArrayList.ForwardEntryIterator;0;21;1
com.sk89q.worldedit.util.collection.DoubleArrayList.ReverseEntryIterator;0;21;1
com.sk89q.worldedit.util.collection.Int2BaseBlockMap;134;10;2
com.sk89q.worldedit.util.collection.LocatedBlockList;28;10;2
com.sk89q.worldedit.util.collection.LongPositionList;26;6;1
com.sk89q.worldedit.util.collection.LongPositionList.PositionIterator;N/A;28;3
com.sk89q.worldedit.util.collection.MoreStreams;19;6;0
com.sk89q.worldedit.util.collection.PositionList;N/A;N/A;N/A
com.sk89q.worldedit.util.collection.VectorPositionList;28;6;1
com.sk89q.worldedit.util.concurrency.EvenMoreExecutors;16;3;0
com.sk89q.worldedit.util.concurrency.LazyReference;19;5;1
com.sk89q.worldedit.util.concurrency.LazyReference.RefInfo;N/A;14;1
com.sk89q.worldedit.util.eventbus.AnnotatedSubscriberFinder;15;1;0
com.sk89q.worldedit.util.eventbus.EventBus;26;8;5
com.sk89q.worldedit.util.eventbus.EventHandler;23;8;1
com.sk89q.worldedit.util.eventbus.EventHandler.Priority;N/A;N/A;N/A
com.sk89q.worldedit.util.eventbus.HierarchyCache;16;2;1
com.sk89q.worldedit.util.eventbus.MethodEventHandler;30;5;2
com.sk89q.worldedit.util.eventbus.MethodHandleEventHandler;30;4;3
com.sk89q.worldedit.util.eventbus.Subscribe;N/A;N/A;N/A
com.sk89q.worldedit.util.eventbus.SubscriberFindingStrategy;N/A;N/A;N/A
com.sk89q.worldedit.util.formatting.WorldEditText;18;3;2
com.sk89q.worldedit.util.formatting.component.CodeFormat;22;2;0
com.sk89q.worldedit.util.formatting.component.CommandListBox;51;8;2
com.sk89q.worldedit.util.formatting.component.CommandListBox.CommandEntry;0;15;1
com.sk89q.worldedit.util.formatting.component.CommandUsageBox;23;3;0
com.sk89q.worldedit.util.formatting.component.ErrorFormat;22;2;0
com.sk89q.worldedit.util.formatting.component.InvalidComponentException;61;2;0
com.sk89q.worldedit.util.formatting.component.LabelFormat;22;2;0
com.sk89q.worldedit.util.formatting.component.MessageBox;30;7;2
com.sk89q.worldedit.util.formatting.component.PaginationBox;43;11;1
com.sk89q.worldedit.util.formatting.component.PaginationBox.ListPaginationBox;0;40;4
com.sk89q.worldedit.util.formatting.component.SideEffectBox;47;4;3
com.sk89q.worldedit.util.formatting.component.SubtleFormat;22;2;0
com.sk89q.worldedit.util.formatting.component.TextComponentProducer;20;6;1
com.sk89q.worldedit.util.formatting.component.TextUtils;16;3;0
com.sk89q.worldedit.util.function.IOFunction;N/A;N/A;N/A
com.sk89q.worldedit.util.function.IORunnable;N/A;N/A;N/A
com.sk89q.worldedit.util.function.LevenshteinDistance;26;4;2
com.sk89q.worldedit.util.gson.BlockVectorAdapter;15;1;0
com.sk89q.worldedit.util.gson.GsonUtil;17;3;1
com.sk89q.worldedit.util.gson.VectorAdapter;15;1;0
com.sk89q.worldedit.util.io.Closer;30;9;4
com.sk89q.worldedit.util.io.Closer.LoggingSuppressor;N/A;15;1
com.sk89q.worldedit.util.io.Closer.SuppressingSuppressor;N/A;17;1
com.sk89q.worldedit.util.io.Closer.Suppressor;N/A;N/A;N/A
com.sk89q.worldedit.util.io.ForwardSeekableInputStream;43;11;1
com.sk89q.worldedit.util.io.ResourceLoader;N/A;N/A;N/A
com.sk89q.worldedit.util.io.WorldEditResourceLoader;19;2;1
com.sk89q.worldedit.util.io.file.ArchiveDir;N/A;N/A;N/A
com.sk89q.worldedit.util.io.file.ArchiveNioSupport;N/A;N/A;N/A
com.sk89q.worldedit.util.io.file.ArchiveNioSupports;19;4;2
com.sk89q.worldedit.util.io.file.ArchiveUnpacker;18;2;3
com.sk89q.worldedit.util.io.file.AttributeTarget;N/A;N/A;N/A
com.sk89q.worldedit.util.io.file.FileSelectionAbortedException;67;3;0
com.sk89q.worldedit.util.io.file.FilenameException;64;4;1
com.sk89q.worldedit.util.io.file.FilenameResolutionException;67;3;0
com.sk89q.worldedit.util.io.file.InvalidFilenameException;67;3;0
com.sk89q.worldedit.util.io.file.MorePaths;18;5;0
com.sk89q.worldedit.util.io.file.SafeFiles;23;8;1
com.sk89q.worldedit.util.io.file.ZipArchiveNioSupport;18;3;1
com.sk89q.worldedit.util.lifecycle.ConstantLifecycled;24;3;1
com.sk89q.worldedit.util.lifecycle.FlatMapLifecycled;28;4;4
com.sk89q.worldedit.util.lifecycle.Lifecycled;N/A;N/A;N/A
com.sk89q.worldedit.util.lifecycle.Lifecycled.Events;N/A;N/A;N/A
com.sk89q.worldedit.util.lifecycle.LifecycledCallbackHandler;24;5;3
com.sk89q.worldedit.util.lifecycle.MapLifecycled;30;5;4
com.sk89q.worldedit.util.lifecycle.SimpleLifecycled;29;7;2
com.sk89q.worldedit.util.lifecycle.Token;15;1;1
com.sk89q.worldedit.util.logging.DynamicStreamHandler;83;14;5
com.sk89q.worldedit.util.logging.LogFormat;24;3;2
com.sk89q.worldedit.util.net.HttpRequest;45;18;5
com.sk89q.worldedit.util.net.HttpRequest.BufferedResponse;0;18;1
com.sk89q.worldedit.util.net.HttpRequest.Form;N/A;19;1
com.sk89q.worldedit.util.paste.ActorCallbackPaste;18;4;1
com.sk89q.worldedit.util.paste.EngineHubPaste;17;1;1
com.sk89q.worldedit.util.paste.EngineHubPaste.PasteTask;N/A;16;1
com.sk89q.worldedit.util.paste.EngineHubPaste.SignedPasteResponse;N/A;13;1
com.sk89q.worldedit.util.paste.PasteMetadata;16;0;1
com.sk89q.worldedit.util.paste.Paster;N/A;N/A;N/A
com.sk89q.worldedit.util.paste.Pasters;16;2;1
com.sk89q.worldedit.util.report.ConfigReport;31;1;0
com.sk89q.worldedit.util.report.DataReport;31;15;2
com.sk89q.worldedit.util.report.DataReport.Line;N/A;20;2
com.sk89q.worldedit.util.report.HierarchyObjectReport;33;1;0
com.sk89q.worldedit.util.report.Report;N/A;N/A;N/A
com.sk89q.worldedit.util.report.ReportList;109;28;2
com.sk89q.worldedit.util.report.ShallowObjectReport;33;2;1
com.sk89q.worldedit.util.report.StackTraceReport;18;3;1
com.sk89q.worldedit.util.report.SystemInfoReport;31;1;0
com.sk89q.worldedit.util.report.Unreported;N/A;N/A;N/A
com.sk89q.worldedit.util.task.AbstractTask;67;5;4
com.sk89q.worldedit.util.task.FutureForwardingTask;78;10;1
com.sk89q.worldedit.util.task.SimpleSupervisor;19;2;2
com.sk89q.worldedit.util.task.Supervisor;N/A;N/A;N/A
com.sk89q.worldedit.util.task.Task;N/A;N/A;N/A
com.sk89q.worldedit.util.task.Task.State;N/A;N/A;N/A
com.sk89q.worldedit.util.task.TaskStateComparator;23;1;0
com.sk89q.worldedit.util.task.progress.Progress;25;10;1
com.sk89q.worldedit.util.task.progress.ProgressIterator;28;7;1
com.sk89q.worldedit.util.task.progress.ProgressObservable;N/A;N/A;N/A
com.sk89q.worldedit.util.time.FileNameDateTimeParser;21;4;3
com.sk89q.worldedit.util.time.ModificationDateTimeParser;18;3;1
com.sk89q.worldedit.util.time.SnapshotDateTimeParser;N/A;N/A;N/A
com.sk89q.worldedit.util.translation.TranslationManager;39;12;12
com.sk89q.worldedit.world.AbstractWorld;86;20;1
com.sk89q.worldedit.world.AbstractWorld.QueuedEffect;0;17;1
com.sk89q.worldedit.world.DataException;53;2;0
com.sk89q.worldedit.world.DataFixer;N/A;N/A;N/A
com.sk89q.worldedit.world.DataFixer.FixType;N/A;14;1
com.sk89q.worldedit.world.DataFixer.FixTypes;N/A;14;1
com.sk89q.worldedit.world.NbtValued;N/A;N/A;N/A
com.sk89q.worldedit.world.NullWorld;112;25;1
com.sk89q.worldedit.world.RegenOptions;18;5;0
com.sk89q.worldedit.world.RegenOptions.Builder;1;17;1
com.sk89q.worldedit.world.World;N/A;N/A;N/A
com.sk89q.worldedit.world.WorldUnloadedException;60;1;0
com.sk89q.worldedit.world.biome.BiomeCategories;85;2;1
com.sk89q.worldedit.world.biome.BiomeCategory;30;2;1
com.sk89q.worldedit.world.biome.BiomeData;N/A;N/A;N/A
com.sk89q.worldedit.world.biome.BiomeName;21;2;1
com.sk89q.worldedit.world.biome.BiomeType;27;4;2
com.sk89q.worldedit.world.biome.BiomeTypes;118;2;1
com.sk89q.worldedit.world.biome.Biomes;15;2;0
com.sk89q.worldedit.world.block.BaseBlock;55;18;2
com.sk89q.worldedit.world.block.BlockCategories;204;2;1
com.sk89q.worldedit.world.block.BlockCategory;30;2;1
com.sk89q.worldedit.world.block.BlockState;51;17;6
com.sk89q.worldedit.world.block.BlockStateHolder;N/A;N/A;N/A
com.sk89q.worldedit.world.block.BlockType;49;23;4
com.sk89q.worldedit.world.block.BlockTypes;1079;2;1
com.sk89q.worldedit.world.block.FuzzyBlockState;55;5;0
com.sk89q.worldedit.world.block.FuzzyBlockState.Builder;0;18;1
com.sk89q.worldedit.world.chunk.AnvilChunk;28;7;2
com.sk89q.worldedit.world.chunk.AnvilChunk13;26;7;3
com.sk89q.worldedit.world.chunk.AnvilChunk16;29;3;0
com.sk89q.worldedit.world.chunk.AnvilChunk18;26;7;3
com.sk89q.worldedit.world.chunk.Chunk;N/A;N/A;N/A
com.sk89q.worldedit.world.chunk.OldChunk;25;5;2
com.sk89q.worldedit.world.chunk.PackedIntArrayReader;23;3;0
com.sk89q.worldedit.world.entity.EntityType;25;4;2
com.sk89q.worldedit.world.entity.EntityTypes;146;2;1
com.sk89q.worldedit.world.fluid.FluidCategories;19;4;1
com.sk89q.worldedit.world.fluid.FluidCategory;29;1;1
com.sk89q.worldedit.world.fluid.FluidType;24;3;2
com.sk89q.worldedit.world.fluid.FluidTypes;22;4;1
com.sk89q.worldedit.world.gamemode.GameMode;25;4;2
com.sk89q.worldedit.world.gamemode.GameModes;21;4;1
com.sk89q.worldedit.world.generation.ConfiguredFeatureType;24;3;2
com.sk89q.worldedit.world.generation.StructureType;24;3;2
com.sk89q.worldedit.world.item.ItemCategories;169;2;1
com.sk89q.worldedit.world.item.ItemCategory;30;2;1
com.sk89q.worldedit.world.item.ItemType;30;10;3
com.sk89q.worldedit.world.item.ItemTypes;1356;2;1
com.sk89q.worldedit.world.registry.BiomeRegistry;N/A;N/A;N/A
com.sk89q.worldedit.world.registry.BlockCategoryRegistry;N/A;N/A;N/A
com.sk89q.worldedit.world.registry.BlockMaterial;N/A;N/A;N/A
com.sk89q.worldedit.world.registry.BlockRegistry;N/A;N/A;N/A
com.sk89q.worldedit.world.registry.BundledBlockData;21;5;3
com.sk89q.worldedit.world.registry.BundledBlockData.BlockEntry;0;13;1
com.sk89q.worldedit.world.registry.BundledBlockRegistry;23;5;0
com.sk89q.worldedit.world.registry.BundledItemData;21;5;3
com.sk89q.worldedit.world.registry.BundledItemData.ItemEntry;0;13;1
com.sk89q.worldedit.world.registry.BundledItemRegistry;21;4;0
com.sk89q.worldedit.world.registry.BundledRegistries;36;9;8
com.sk89q.worldedit.world.registry.CategoryRegistry;N/A;N/A;N/A
com.sk89q.worldedit.world.registry.EntityRegistry;N/A;N/A;N/A
com.sk89q.worldedit.world.registry.ItemCategoryRegistry;N/A;N/A;N/A
com.sk89q.worldedit.world.registry.ItemMaterial;N/A;N/A;N/A
com.sk89q.worldedit.world.registry.ItemRegistry;N/A;N/A;N/A
com.sk89q.worldedit.world.registry.LegacyMapper;29;9;5
com.sk89q.worldedit.world.registry.LegacyMapper.LegacyDataFile;0;13;1
com.sk89q.worldedit.world.registry.NullBiomeRegistry;18;3;0
com.sk89q.worldedit.world.registry.NullBlockCategoryRegistry;16;1;0
com.sk89q.worldedit.world.registry.NullEntityRegistry;15;1;0
com.sk89q.worldedit.world.registry.NullItemCategoryRegistry;16;1;0
com.sk89q.worldedit.world.registry.PassthroughBlockMaterial;54;20;2
com.sk89q.worldedit.world.registry.PassthroughItemMaterial;22;3;1
com.sk89q.worldedit.world.registry.Registries;N/A;N/A;N/A
com.sk89q.worldedit.world.registry.SimpleBlockMaterial;89;38;0
com.sk89q.worldedit.world.registry.SimpleItemMaterial;26;3;0
com.sk89q.worldedit.world.snapshot.InvalidSnapshotException;51;0;0
com.sk89q.worldedit.world.snapshot.ModificationTimerParser;15;1;0
com.sk89q.worldedit.world.snapshot.Snapshot;29;11;4
com.sk89q.worldedit.world.snapshot.SnapshotDateParser;N/A;N/A;N/A
com.sk89q.worldedit.world.snapshot.SnapshotRepository;26;11;2
com.sk89q.worldedit.world.snapshot.SnapshotRestore;29;10;5
com.sk89q.worldedit.world.snapshot.YYMMDDHHIISSParser;16;1;1
com.sk89q.worldedit.world.snapshot.experimental.Snapshot;N/A;N/A;N/A
com.sk89q.worldedit.world.snapshot.experimental.SnapshotComparator;16;2;1
com.sk89q.worldedit.world.snapshot.experimental.SnapshotDatabase;N/A;N/A;N/A
com.sk89q.worldedit.world.snapshot.experimental.SnapshotInfo;25;9;2
com.sk89q.worldedit.world.snapshot.experimental.SnapshotRestore;29;10;5
com.sk89q.worldedit.world.snapshot.experimental.fs.FileSystemSnapshotDatabase;41;17;4
com.sk89q.worldedit.world.snapshot.experimental.fs.FolderSnapshot;31;7;5
com.sk89q.worldedit.world.storage.ChunkStore;24;7;0
com.sk89q.worldedit.world.storage.ChunkStoreException;55;2;0
com.sk89q.worldedit.world.storage.ChunkStoreHelper;18;5;0
com.sk89q.worldedit.world.storage.ChunkStoreHelper.ChunkDataInputSupplier;N/A;N/A;N/A
com.sk89q.worldedit.world.storage.FileLegacyChunkStore;26;3;1
com.sk89q.worldedit.world.storage.FileMcRegionChunkStore;30;3;1
com.sk89q.worldedit.world.storage.InvalidFormatException;54;1;0
com.sk89q.worldedit.world.storage.LegacyChunkStore;25;5;0
com.sk89q.worldedit.world.storage.McRegionChunkStore;27;5;2
com.sk89q.worldedit.world.storage.McRegionReader;27;6;2
com.sk89q.worldedit.world.storage.MissingChunkException;59;3;1
com.sk89q.worldedit.world.storage.MissingWorldException;60;4;1
com.sk89q.worldedit.world.storage.NBTConversions;16;3;0
com.sk89q.worldedit.world.storage.TrueZipLegacyChunkStore;31;6;3
com.sk89q.worldedit.world.storage.TrueZipMcRegionChunkStore;35;6;3
com.sk89q.worldedit.world.storage.ZippedLegacyChunkStore;30;6;2
com.sk89q.worldedit.world.storage.ZippedMcRegionChunkStore;35;6;3
com.sk89q.worldedit.world.weather.WeatherType;25;4;2
com.sk89q.worldedit.world.weather.WeatherTypes;20;4;1
