Class Name;NOAM;NOA;NOO;NOOM
com.sk89q.bukkit.util.ClassSourceValidator;2;5;16;0
com.sk89q.bukkit.util.CommandInfo;6;5;21;0
com.sk89q.bukkit.util.CommandInspector;N/A;N/A;N/A;N/A
com.sk89q.bukkit.util.CommandRegistration;4;4;19;0
com.sk89q.bukkit.util.CommandsManagerRegistration;2;5;23;0
com.sk89q.bukkit.util.DynamicPluginCommand;6;15;57;2
com.sk89q.bukkit.util.DynamicPluginCommandHelpTopic;1;5;24;1
com.sk89q.bukkit.util.DynamicPluginCommandHelpTopic.Factory;0;15;0;0
com.sk89q.bukkit.util.FallbackRegistrationListener;1;1;15;0
com.sk89q.jnbt.ByteArrayTag;0;1;21;1
com.sk89q.jnbt.ByteTag;0;1;21;1
com.sk89q.jnbt.CompoundTag;19;1;40;1
com.sk89q.jnbt.CompoundTagBuilder;15;1;30;0
com.sk89q.jnbt.DoubleTag;0;1;21;1
com.sk89q.jnbt.EndTag;0;1;20;1
com.sk89q.jnbt.FloatTag;0;1;21;1
com.sk89q.jnbt.IntArrayTag;0;1;21;1
com.sk89q.jnbt.IntTag;0;1;21;1
com.sk89q.jnbt.LinBusConverter;3;0;17;0
com.sk89q.jnbt.ListTag;20;1;41;1
com.sk89q.jnbt.ListTagBuilder;5;1;19;0
com.sk89q.jnbt.LongArrayTag;0;1;21;1
com.sk89q.jnbt.LongTag;0;1;21;1
com.sk89q.jnbt.NBTConstants;1;14;15;0
com.sk89q.jnbt.NBTInputStream;2;1;18;0
com.sk89q.jnbt.NBTOutputStream;2;1;18;0
com.sk89q.jnbt.NBTUtils;5;0;19;0
com.sk89q.jnbt.NamedTag;2;2;16;0
com.sk89q.jnbt.ShortTag;0;1;21;1
com.sk89q.jnbt.StringTag;0;1;21;1
com.sk89q.jnbt.Tag;2;1;18;1
com.sk89q.minecraft.util.commands.Command;N/A;N/A;N/A;N/A
com.sk89q.minecraft.util.commands.CommandAlias;N/A;N/A;N/A;N/A
com.sk89q.minecraft.util.commands.CommandContext;28;8;48;0
com.sk89q.minecraft.util.commands.CommandException;2;16;51;0
com.sk89q.minecraft.util.commands.CommandLocals;5;1;18;0
com.sk89q.minecraft.util.commands.CommandPermissions;N/A;N/A;N/A;N/A
com.sk89q.minecraft.util.commands.CommandPermissionsException;0;16;51;0
com.sk89q.minecraft.util.commands.CommandUsageException;1;17;53;0
com.sk89q.minecraft.util.commands.CommandsManager;19;6;33;0
com.sk89q.minecraft.util.commands.Console;N/A;N/A;N/A;N/A
com.sk89q.minecraft.util.commands.Injector;N/A;N/A;N/A;N/A
com.sk89q.minecraft.util.commands.MissingNestedCommandException;0;17;54;0
com.sk89q.minecraft.util.commands.NestedCommand;N/A;N/A;N/A;N/A
com.sk89q.minecraft.util.commands.SimpleInjector;1;3;16;0
com.sk89q.minecraft.util.commands.SuggestionContext;7;4;22;1
com.sk89q.minecraft.util.commands.UnhandledCommandException;0;16;51;0
com.sk89q.minecraft.util.commands.WrappedCommandException;0;16;52;0
com.sk89q.util.ReflectionUtil;1;0;15;0
com.sk89q.util.StringUtil;14;0;28;0
com.sk89q.util.yaml.YAMLFormat;N/A;N/A;N/A;N/A
com.sk89q.util.yaml.YAMLNode;35;2;49;0
com.sk89q.util.yaml.YAMLProcessor;14;9;65;0
com.sk89q.util.yaml.YAMLProcessor.FancyRepresenter;14;54;0;0
com.sk89q.util.yaml.YAMLProcessorException;0;15;47;0
com.sk89q.wepif.ConfigurationPermissionsResolver;11;4;35;0
com.sk89q.wepif.DinnerPermsResolver;13;2;37;0
com.sk89q.wepif.FlatFilePermissionsResolver;12;6;37;0
com.sk89q.wepif.GroupManagerResolver;3;3;48;7
com.sk89q.wepif.NijiPermissionsResolver;12;3;36;0
com.sk89q.wepif.PermissionsExResolver;1;3;45;6
com.sk89q.wepif.PermissionsProvider;N/A;N/A;N/A;N/A
com.sk89q.wepif.PermissionsResolver;N/A;N/A;N/A;N/A
com.sk89q.wepif.PermissionsResolverManager;16;8;40;0
com.sk89q.wepif.PermissionsResolverManager.MissingPluginException;15;51;0;0
com.sk89q.wepif.PermissionsResolverManager.ServerListener;0;16;0;0
com.sk89q.wepif.PluginPermissionsResolver;11;2;35;0
com.sk89q.wepif.VaultResolver;11;2;35;0
com.sk89q.wepif.WEPIFRuntimeException;0;16;51;0
com.sk89q.wepif.bPermissionsResolver;11;1;35;0
com.sk89q.worldedit.DisallowedItemException;1;17;55;0
com.sk89q.worldedit.EditSession;122;21;154;3
com.sk89q.worldedit.EditSession.ReorderMode;N/A;N/A;N/A;N/A
com.sk89q.worldedit.EditSession.Stage;N/A;N/A;N/A;N/A
com.sk89q.worldedit.EditSessionBuilder;12;6;26;0
com.sk89q.worldedit.EditSessionFactory;4;0;17;0
com.sk89q.worldedit.EditSessionFactory.EditSessionFactoryImpl;0;22;4;0
com.sk89q.worldedit.EmptyClipboardException;0;16;52;0
com.sk89q.worldedit.IncompleteRegionException;0;16;52;0
com.sk89q.worldedit.InvalidItemException;0;17;56;0
com.sk89q.worldedit.LocalConfiguration;6;46;20;0
com.sk89q.worldedit.LocalSession;92;37;107;0
com.sk89q.worldedit.MaxBrushRadiusException;0;16;52;0
com.sk89q.worldedit.MaxChangedBlocksException;1;17;54;0
com.sk89q.worldedit.MaxRadiusException;0;16;52;0
com.sk89q.worldedit.MissingWorldException;0;16;53;0
com.sk89q.worldedit.NotABlockException;0;16;56;0
com.sk89q.worldedit.TracedEditSession;0;24;156;1
com.sk89q.worldedit.TracedEditSession.TraceRecord;3;19;0;0
com.sk89q.worldedit.UnknownDirectionException;1;17;54;0
com.sk89q.worldedit.UnknownItemException;1;17;54;0
com.sk89q.worldedit.WorldEdit;41;15;55;0
com.sk89q.worldedit.WorldEditException;1;16;52;0
com.sk89q.worldedit.WorldEditManifest;5;4;19;0
com.sk89q.worldedit.WorldEditManifest.Kind;N/A;N/A;N/A;N/A
com.sk89q.worldedit.blocks.BaseItem;2;2;28;3
com.sk89q.worldedit.blocks.BaseItemStack;3;3;35;0
com.sk89q.worldedit.blocks.Blocks;2;0;16;0
com.sk89q.worldedit.blocks.LegacyBaseBlockWrapper;0;2;56;2
com.sk89q.worldedit.blocks.MobSpawnerBlock;4;12;66;4
com.sk89q.worldedit.blocks.SignBlock;3;4;64;4
com.sk89q.worldedit.blocks.SkullBlock;2;3;64;4
com.sk89q.worldedit.blocks.TileEntityBlock;N/A;N/A;N/A;N/A
com.sk89q.worldedit.bukkit.BukkitAdapter;31;8;45;0
com.sk89q.worldedit.bukkit.BukkitBiomeRegistry;2;0;18;0
com.sk89q.worldedit.bukkit.BukkitBlockCategoryRegistry;2;0;17;0
com.sk89q.worldedit.bukkit.BukkitBlockCommandSender;13;5;64;0
com.sk89q.worldedit.bukkit.BukkitBlockRegistry;0;1;27;4
com.sk89q.worldedit.bukkit.BukkitBlockRegistry.BukkitBlockMaterial;3;59;4;0
com.sk89q.worldedit.bukkit.BukkitCommandInspector;3;3;20;0
com.sk89q.worldedit.bukkit.BukkitCommandSender;13;3;54;0
com.sk89q.worldedit.bukkit.BukkitConfiguration;0;51;26;2
com.sk89q.worldedit.bukkit.BukkitEntity;6;1;29;0
com.sk89q.worldedit.bukkit.BukkitEntityProperties;20;2;54;0
com.sk89q.worldedit.bukkit.BukkitItemCategoryRegistry;2;0;17;0
com.sk89q.worldedit.bukkit.BukkitItemRegistry;0;0;23;2
com.sk89q.worldedit.bukkit.BukkitPlayer;20;2;153;10
com.sk89q.worldedit.bukkit.BukkitPlayer.SessionKeyImpl;2;24;0;0
com.sk89q.worldedit.bukkit.BukkitPlayerBlockBag;7;2;30;0
com.sk89q.worldedit.bukkit.BukkitRegistries;1;14;35;5
com.sk89q.worldedit.bukkit.BukkitServerInterface;17;9;71;7
com.sk89q.worldedit.bukkit.BukkitWatchdog;1;1;16;0
com.sk89q.worldedit.bukkit.BukkitWorld;16;8;122;21
com.sk89q.worldedit.bukkit.CUIChannelListener;1;1;16;0
com.sk89q.worldedit.bukkit.EditSessionBlockChangeDelegate;4;1;22;0
com.sk89q.worldedit.bukkit.WorldEditListener;4;2;18;0
com.sk89q.worldedit.bukkit.WorldEditPlugin;21;20;103;5
com.sk89q.worldedit.bukkit.WorldEditPlugin.AsyncTabCompleteListener;0;15;0;0
com.sk89q.worldedit.bukkit.WorldEditPlugin.WorldInitListener;1;15;0;0
com.sk89q.worldedit.bukkit.adapter.AdapterLoadException;0;15;49;0
com.sk89q.worldedit.bukkit.adapter.BukkitImplAdapter;N/A;N/A;N/A;N/A
com.sk89q.worldedit.bukkit.adapter.BukkitImplLoader;5;8;19;0
com.sk89q.worldedit.bukkit.adapter.Refraction;1;2;15;0
com.sk89q.worldedit.bukkit.adapter.UnsupportedVersionEditException;0;16;53;0
com.sk89q.worldedit.bukkit.adapter.impl.v1_20_R2.PaperweightAdapter;37;11;93;13
com.sk89q.worldedit.bukkit.adapter.impl.v1_20_R2.PaperweightAdapter.MojangWatchdog;2;18;0;0
com.sk89q.worldedit.bukkit.adapter.impl.v1_20_R2.PaperweightAdapter.NoOpWorldLoadListener;0;23;0;0
com.sk89q.worldedit.bukkit.adapter.impl.v1_20_R2.PaperweightAdapter.SpigotWatchdog;2;18;0;0
com.sk89q.worldedit.bukkit.adapter.impl.v1_20_R2.PaperweightDataConverters;27;16;53;2
com.sk89q.worldedit.bukkit.adapter.impl.v1_20_R2.PaperweightDataConverters.DataConverter;N/A;N/A;N/A;N/A
com.sk89q.worldedit.bukkit.adapter.impl.v1_20_R2.PaperweightDataConverters.DataConverterArmorStand;0;18;0;0
com.sk89q.worldedit.bukkit.adapter.impl.v1_20_R2.PaperweightDataConverters.DataConverterBanner;0;18;0;0
com.sk89q.worldedit.bukkit.adapter.impl.v1_20_R2.PaperweightDataConverters.DataConverterBedBlock;1;19;0;0
com.sk89q.worldedit.bukkit.adapter.impl.v1_20_R2.PaperweightDataConverters.DataConverterBedItem;0;18;0;0
com.sk89q.worldedit.bukkit.adapter.impl.v1_20_R2.PaperweightDataConverters.DataConverterBook;0;18;0;0
com.sk89q.worldedit.bukkit.adapter.impl.v1_20_R2.PaperweightDataConverters.DataConverterCookedFish;1;19;0;0
com.sk89q.worldedit.bukkit.adapter.impl.v1_20_R2.PaperweightDataConverters.DataConverterDropChances;0;18;0;0
com.sk89q.worldedit.bukkit.adapter.impl.v1_20_R2.PaperweightDataConverters.DataConverterEntity;1;19;0;0
com.sk89q.worldedit.bukkit.adapter.impl.v1_20_R2.PaperweightDataConverters.DataConverterEquipment;0;18;0;0
com.sk89q.worldedit.bukkit.adapter.impl.v1_20_R2.PaperweightDataConverters.DataConverterGuardian;0;18;0;0
com.sk89q.worldedit.bukkit.adapter.impl.v1_20_R2.PaperweightDataConverters.DataConverterHanging;0;18;0;0
com.sk89q.worldedit.bukkit.adapter.impl.v1_20_R2.PaperweightDataConverters.DataConverterHealth;1;19;0;0
com.sk89q.worldedit.bukkit.adapter.impl.v1_20_R2.PaperweightDataConverters.DataConverterHorse;0;18;0;0
com.sk89q.worldedit.bukkit.adapter.impl.v1_20_R2.PaperweightDataConverters.DataConverterLang;0;18;0;0
com.sk89q.worldedit.bukkit.adapter.impl.v1_20_R2.PaperweightDataConverters.DataConverterMaterialId;1;19;0;0
com.sk89q.worldedit.bukkit.adapter.impl.v1_20_R2.PaperweightDataConverters.DataConverterMinecart;1;19;0;0
com.sk89q.worldedit.bukkit.adapter.impl.v1_20_R2.PaperweightDataConverters.DataConverterMobSpawner;0;18;0;0
com.sk89q.worldedit.bukkit.adapter.impl.v1_20_R2.PaperweightDataConverters.DataConverterPotionId;1;19;0;0
com.sk89q.worldedit.bukkit.adapter.impl.v1_20_R2.PaperweightDataConverters.DataConverterPotionWater;0;18;0;0
com.sk89q.worldedit.bukkit.adapter.impl.v1_20_R2.PaperweightDataConverters.DataConverterRiding;0;20;0;0
com.sk89q.worldedit.bukkit.adapter.impl.v1_20_R2.PaperweightDataConverters.DataConverterSaddle;0;18;0;0
com.sk89q.worldedit.bukkit.adapter.impl.v1_20_R2.PaperweightDataConverters.DataConverterShulker;0;18;0;0
com.sk89q.worldedit.bukkit.adapter.impl.v1_20_R2.PaperweightDataConverters.DataConverterShulkerBoxBlock;0;18;0;0
com.sk89q.worldedit.bukkit.adapter.impl.v1_20_R2.PaperweightDataConverters.DataConverterShulkerBoxItem;1;19;0;0
com.sk89q.worldedit.bukkit.adapter.impl.v1_20_R2.PaperweightDataConverters.DataConverterSignText;1;20;0;0
com.sk89q.worldedit.bukkit.adapter.impl.v1_20_R2.PaperweightDataConverters.DataConverterSkeleton;0;18;0;0
com.sk89q.worldedit.bukkit.adapter.impl.v1_20_R2.PaperweightDataConverters.DataConverterSpawnEgg;1;19;0;0
com.sk89q.worldedit.bukkit.adapter.impl.v1_20_R2.PaperweightDataConverters.DataConverterTileEntity;1;19;0;0
com.sk89q.worldedit.bukkit.adapter.impl.v1_20_R2.PaperweightDataConverters.DataConverterTotem;0;18;0;0
com.sk89q.worldedit.bukkit.adapter.impl.v1_20_R2.PaperweightDataConverters.DataConverterUUID;0;18;0;0
com.sk89q.worldedit.bukkit.adapter.impl.v1_20_R2.PaperweightDataConverters.DataConverterVBO;0;18;0;0
com.sk89q.worldedit.bukkit.adapter.impl.v1_20_R2.PaperweightDataConverters.DataConverterZombie;1;20;0;0
com.sk89q.worldedit.bukkit.adapter.impl.v1_20_R2.PaperweightDataConverters.DataConverterZombieType;0;18;0;0
com.sk89q.worldedit.bukkit.adapter.impl.v1_20_R2.PaperweightDataConverters.DataInspector;N/A;N/A;N/A;N/A
com.sk89q.worldedit.bukkit.adapter.impl.v1_20_R2.PaperweightDataConverters.DataInspectorBlockEntity;2;19;0;0
com.sk89q.worldedit.bukkit.adapter.impl.v1_20_R2.PaperweightDataConverters.DataInspectorChunks;0;15;0;0
com.sk89q.worldedit.bukkit.adapter.impl.v1_20_R2.PaperweightDataConverters.DataInspectorCommandBlock;1;16;0;0
com.sk89q.worldedit.bukkit.adapter.impl.v1_20_R2.PaperweightDataConverters.DataInspectorEntity;0;16;0;0
com.sk89q.worldedit.bukkit.adapter.impl.v1_20_R2.PaperweightDataConverters.DataInspectorEntityPassengers;0;15;0;0
com.sk89q.worldedit.bukkit.adapter.impl.v1_20_R2.PaperweightDataConverters.DataInspectorItem;2;21;0;0
com.sk89q.worldedit.bukkit.adapter.impl.v1_20_R2.PaperweightDataConverters.DataInspectorItemList;2;21;0;0
com.sk89q.worldedit.bukkit.adapter.impl.v1_20_R2.PaperweightDataConverters.DataInspectorLevelPlayer;0;15;0;0
com.sk89q.worldedit.bukkit.adapter.impl.v1_20_R2.PaperweightDataConverters.DataInspectorMobSpawnerMinecart;2;17;0;0
com.sk89q.worldedit.bukkit.adapter.impl.v1_20_R2.PaperweightDataConverters.DataInspectorMobSpawnerMobs;1;16;0;0
com.sk89q.worldedit.bukkit.adapter.impl.v1_20_R2.PaperweightDataConverters.DataInspectorPlayer;0;15;0;0
com.sk89q.worldedit.bukkit.adapter.impl.v1_20_R2.PaperweightDataConverters.DataInspectorPlayerVehicle;0;15;0;0
com.sk89q.worldedit.bukkit.adapter.impl.v1_20_R2.PaperweightDataConverters.DataInspectorStructure;0;15;0;0
com.sk89q.worldedit.bukkit.adapter.impl.v1_20_R2.PaperweightDataConverters.DataInspectorTagged;1;18;0;0
com.sk89q.worldedit.bukkit.adapter.impl.v1_20_R2.PaperweightDataConverters.DataInspectorVillagers;1;16;0;0
com.sk89q.worldedit.bukkit.adapter.impl.v1_20_R2.PaperweightDataConverters.LegacyType;N/A;N/A;N/A;N/A
com.sk89q.worldedit.bukkit.adapter.impl.v1_20_R2.PaperweightDataConverters.WrappedDataFixer;1;20;0;0
com.sk89q.worldedit.bukkit.adapter.impl.v1_20_R2.PaperweightFakePlayer;0;423;1243;11
com.sk89q.worldedit.bukkit.adapter.impl.v1_20_R2.PaperweightServerLevelDelegateProxy;7;3;23;0
com.sk89q.worldedit.bukkit.adapter.impl.v1_20_R2.PaperweightWorldNativeAccess;16;5;51;2
com.sk89q.worldedit.bukkit.adapter.impl.v1_20_R3.PaperweightAdapter;37;11;93;13
com.sk89q.worldedit.bukkit.adapter.impl.v1_20_R3.PaperweightAdapter.MojangWatchdog;2;18;0;0
com.sk89q.worldedit.bukkit.adapter.impl.v1_20_R3.PaperweightAdapter.NoOpWorldLoadListener;0;23;0;0
com.sk89q.worldedit.bukkit.adapter.impl.v1_20_R3.PaperweightAdapter.SpigotWatchdog;2;18;0;0
com.sk89q.worldedit.bukkit.adapter.impl.v1_20_R3.PaperweightDataConverters;27;16;53;2
com.sk89q.worldedit.bukkit.adapter.impl.v1_20_R3.PaperweightDataConverters.DataConverter;N/A;N/A;N/A;N/A
com.sk89q.worldedit.bukkit.adapter.impl.v1_20_R3.PaperweightDataConverters.DataConverterArmorStand;0;18;0;0
com.sk89q.worldedit.bukkit.adapter.impl.v1_20_R3.PaperweightDataConverters.DataConverterBanner;0;18;0;0
com.sk89q.worldedit.bukkit.adapter.impl.v1_20_R3.PaperweightDataConverters.DataConverterBedBlock;1;19;0;0
com.sk89q.worldedit.bukkit.adapter.impl.v1_20_R3.PaperweightDataConverters.DataConverterBedItem;0;18;0;0
com.sk89q.worldedit.bukkit.adapter.impl.v1_20_R3.PaperweightDataConverters.DataConverterBook;0;18;0;0
com.sk89q.worldedit.bukkit.adapter.impl.v1_20_R3.PaperweightDataConverters.DataConverterCookedFish;1;19;0;0
com.sk89q.worldedit.bukkit.adapter.impl.v1_20_R3.PaperweightDataConverters.DataConverterDropChances;0;18;0;0
com.sk89q.worldedit.bukkit.adapter.impl.v1_20_R3.PaperweightDataConverters.DataConverterEntity;1;19;0;0
com.sk89q.worldedit.bukkit.adapter.impl.v1_20_R3.PaperweightDataConverters.DataConverterEquipment;0;18;0;0
com.sk89q.worldedit.bukkit.adapter.impl.v1_20_R3.PaperweightDataConverters.DataConverterGuardian;0;18;0;0
com.sk89q.worldedit.bukkit.adapter.impl.v1_20_R3.PaperweightDataConverters.DataConverterHanging;0;18;0;0
com.sk89q.worldedit.bukkit.adapter.impl.v1_20_R3.PaperweightDataConverters.DataConverterHealth;1;19;0;0
com.sk89q.worldedit.bukkit.adapter.impl.v1_20_R3.PaperweightDataConverters.DataConverterHorse;0;18;0;0
com.sk89q.worldedit.bukkit.adapter.impl.v1_20_R3.PaperweightDataConverters.DataConverterLang;0;18;0;0
com.sk89q.worldedit.bukkit.adapter.impl.v1_20_R3.PaperweightDataConverters.DataConverterMaterialId;1;19;0;0
com.sk89q.worldedit.bukkit.adapter.impl.v1_20_R3.PaperweightDataConverters.DataConverterMinecart;1;19;0;0
com.sk89q.worldedit.bukkit.adapter.impl.v1_20_R3.PaperweightDataConverters.DataConverterMobSpawner;0;18;0;0
com.sk89q.worldedit.bukkit.adapter.impl.v1_20_R3.PaperweightDataConverters.DataConverterPotionId;1;19;0;0
com.sk89q.worldedit.bukkit.adapter.impl.v1_20_R3.PaperweightDataConverters.DataConverterPotionWater;0;18;0;0
com.sk89q.worldedit.bukkit.adapter.impl.v1_20_R3.PaperweightDataConverters.DataConverterRiding;0;20;0;0
com.sk89q.worldedit.bukkit.adapter.impl.v1_20_R3.PaperweightDataConverters.DataConverterSaddle;0;18;0;0
com.sk89q.worldedit.bukkit.adapter.impl.v1_20_R3.PaperweightDataConverters.DataConverterShulker;0;18;0;0
com.sk89q.worldedit.bukkit.adapter.impl.v1_20_R3.PaperweightDataConverters.DataConverterShulkerBoxBlock;0;18;0;0
com.sk89q.worldedit.bukkit.adapter.impl.v1_20_R3.PaperweightDataConverters.DataConverterShulkerBoxItem;1;19;0;0
com.sk89q.worldedit.bukkit.adapter.impl.v1_20_R3.PaperweightDataConverters.DataConverterSignText;1;20;0;0
com.sk89q.worldedit.bukkit.adapter.impl.v1_20_R3.PaperweightDataConverters.DataConverterSkeleton;0;18;0;0
com.sk89q.worldedit.bukkit.adapter.impl.v1_20_R3.PaperweightDataConverters.DataConverterSpawnEgg;1;19;0;0
com.sk89q.worldedit.bukkit.adapter.impl.v1_20_R3.PaperweightDataConverters.DataConverterTileEntity;1;19;0;0
com.sk89q.worldedit.bukkit.adapter.impl.v1_20_R3.PaperweightDataConverters.DataConverterTotem;0;18;0;0
com.sk89q.worldedit.bukkit.adapter.impl.v1_20_R3.PaperweightDataConverters.DataConverterUUID;0;18;0;0
com.sk89q.worldedit.bukkit.adapter.impl.v1_20_R3.PaperweightDataConverters.DataConverterVBO;0;18;0;0
com.sk89q.worldedit.bukkit.adapter.impl.v1_20_R3.PaperweightDataConverters.DataConverterZombie;1;20;0;0
com.sk89q.worldedit.bukkit.adapter.impl.v1_20_R3.PaperweightDataConverters.DataConverterZombieType;0;18;0;0
com.sk89q.worldedit.bukkit.adapter.impl.v1_20_R3.PaperweightDataConverters.DataInspector;N/A;N/A;N/A;N/A
com.sk89q.worldedit.bukkit.adapter.impl.v1_20_R3.PaperweightDataConverters.DataInspectorBlockEntity;2;19;0;0
com.sk89q.worldedit.bukkit.adapter.impl.v1_20_R3.PaperweightDataConverters.DataInspectorChunks;0;15;0;0
com.sk89q.worldedit.bukkit.adapter.impl.v1_20_R3.PaperweightDataConverters.DataInspectorCommandBlock;1;16;0;0
com.sk89q.worldedit.bukkit.adapter.impl.v1_20_R3.PaperweightDataConverters.DataInspectorEntity;0;16;0;0
com.sk89q.worldedit.bukkit.adapter.impl.v1_20_R3.PaperweightDataConverters.DataInspectorEntityPassengers;0;15;0;0
com.sk89q.worldedit.bukkit.adapter.impl.v1_20_R3.PaperweightDataConverters.DataInspectorItem;2;21;0;0
com.sk89q.worldedit.bukkit.adapter.impl.v1_20_R3.PaperweightDataConverters.DataInspectorItemList;2;21;0;0
com.sk89q.worldedit.bukkit.adapter.impl.v1_20_R3.PaperweightDataConverters.DataInspectorLevelPlayer;0;15;0;0
com.sk89q.worldedit.bukkit.adapter.impl.v1_20_R3.PaperweightDataConverters.DataInspectorMobSpawnerMinecart;2;17;0;0
com.sk89q.worldedit.bukkit.adapter.impl.v1_20_R3.PaperweightDataConverters.DataInspectorMobSpawnerMobs;1;16;0;0
com.sk89q.worldedit.bukkit.adapter.impl.v1_20_R3.PaperweightDataConverters.DataInspectorPlayer;0;15;0;0
com.sk89q.worldedit.bukkit.adapter.impl.v1_20_R3.PaperweightDataConverters.DataInspectorPlayerVehicle;0;15;0;0
com.sk89q.worldedit.bukkit.adapter.impl.v1_20_R3.PaperweightDataConverters.DataInspectorStructure;0;15;0;0
com.sk89q.worldedit.bukkit.adapter.impl.v1_20_R3.PaperweightDataConverters.DataInspectorTagged;1;18;0;0
com.sk89q.worldedit.bukkit.adapter.impl.v1_20_R3.PaperweightDataConverters.DataInspectorVillagers;1;16;0;0
com.sk89q.worldedit.bukkit.adapter.impl.v1_20_R3.PaperweightDataConverters.LegacyType;N/A;N/A;N/A;N/A
com.sk89q.worldedit.bukkit.adapter.impl.v1_20_R3.PaperweightDataConverters.WrappedDataFixer;1;20;0;0
com.sk89q.worldedit.bukkit.adapter.impl.v1_20_R3.PaperweightFakePlayer;0;426;1262;11
com.sk89q.worldedit.bukkit.adapter.impl.v1_20_R3.PaperweightServerLevelDelegateProxy;7;3;23;0
com.sk89q.worldedit.bukkit.adapter.impl.v1_20_R3.PaperweightWorldNativeAccess;16;5;51;2
com.sk89q.worldedit.bukkit.adapter.impl.v1_20_R4.PaperweightAdapter;37;12;93;13
com.sk89q.worldedit.bukkit.adapter.impl.v1_20_R4.PaperweightAdapter.MojangWatchdog;2;18;0;0
com.sk89q.worldedit.bukkit.adapter.impl.v1_20_R4.PaperweightAdapter.NoOpWorldLoadListener;0;21;0;0
com.sk89q.worldedit.bukkit.adapter.impl.v1_20_R4.PaperweightAdapter.SpigotWatchdog;2;18;0;0
com.sk89q.worldedit.bukkit.adapter.impl.v1_20_R4.PaperweightDataConverters;27;16;53;2
com.sk89q.worldedit.bukkit.adapter.impl.v1_20_R4.PaperweightDataConverters.DataConverter;N/A;N/A;N/A;N/A
com.sk89q.worldedit.bukkit.adapter.impl.v1_20_R4.PaperweightDataConverters.DataConverterArmorStand;0;18;0;0
com.sk89q.worldedit.bukkit.adapter.impl.v1_20_R4.PaperweightDataConverters.DataConverterBanner;0;18;0;0
com.sk89q.worldedit.bukkit.adapter.impl.v1_20_R4.PaperweightDataConverters.DataConverterBedBlock;1;19;0;0
com.sk89q.worldedit.bukkit.adapter.impl.v1_20_R4.PaperweightDataConverters.DataConverterBedItem;0;18;0;0
com.sk89q.worldedit.bukkit.adapter.impl.v1_20_R4.PaperweightDataConverters.DataConverterBook;0;18;0;0
com.sk89q.worldedit.bukkit.adapter.impl.v1_20_R4.PaperweightDataConverters.DataConverterCookedFish;1;19;0;0
com.sk89q.worldedit.bukkit.adapter.impl.v1_20_R4.PaperweightDataConverters.DataConverterDropChances;0;18;0;0
com.sk89q.worldedit.bukkit.adapter.impl.v1_20_R4.PaperweightDataConverters.DataConverterEntity;1;19;0;0
com.sk89q.worldedit.bukkit.adapter.impl.v1_20_R4.PaperweightDataConverters.DataConverterEquipment;0;18;0;0
com.sk89q.worldedit.bukkit.adapter.impl.v1_20_R4.PaperweightDataConverters.DataConverterGuardian;0;18;0;0
com.sk89q.worldedit.bukkit.adapter.impl.v1_20_R4.PaperweightDataConverters.DataConverterHanging;0;18;0;0
com.sk89q.worldedit.bukkit.adapter.impl.v1_20_R4.PaperweightDataConverters.DataConverterHealth;1;19;0;0
com.sk89q.worldedit.bukkit.adapter.impl.v1_20_R4.PaperweightDataConverters.DataConverterHorse;0;18;0;0
com.sk89q.worldedit.bukkit.adapter.impl.v1_20_R4.PaperweightDataConverters.DataConverterLang;0;18;0;0
com.sk89q.worldedit.bukkit.adapter.impl.v1_20_R4.PaperweightDataConverters.DataConverterMaterialId;1;19;0;0
com.sk89q.worldedit.bukkit.adapter.impl.v1_20_R4.PaperweightDataConverters.DataConverterMinecart;1;19;0;0
com.sk89q.worldedit.bukkit.adapter.impl.v1_20_R4.PaperweightDataConverters.DataConverterMobSpawner;0;18;0;0
com.sk89q.worldedit.bukkit.adapter.impl.v1_20_R4.PaperweightDataConverters.DataConverterPotionId;1;19;0;0
com.sk89q.worldedit.bukkit.adapter.impl.v1_20_R4.PaperweightDataConverters.DataConverterPotionWater;0;18;0;0
com.sk89q.worldedit.bukkit.adapter.impl.v1_20_R4.PaperweightDataConverters.DataConverterRiding;0;20;0;0
com.sk89q.worldedit.bukkit.adapter.impl.v1_20_R4.PaperweightDataConverters.DataConverterSaddle;0;18;0;0
com.sk89q.worldedit.bukkit.adapter.impl.v1_20_R4.PaperweightDataConverters.DataConverterShulker;0;18;0;0
com.sk89q.worldedit.bukkit.adapter.impl.v1_20_R4.PaperweightDataConverters.DataConverterShulkerBoxBlock;0;18;0;0
com.sk89q.worldedit.bukkit.adapter.impl.v1_20_R4.PaperweightDataConverters.DataConverterShulkerBoxItem;1;19;0;0
com.sk89q.worldedit.bukkit.adapter.impl.v1_20_R4.PaperweightDataConverters.DataConverterSignText;1;20;0;0
com.sk89q.worldedit.bukkit.adapter.impl.v1_20_R4.PaperweightDataConverters.DataConverterSkeleton;0;18;0;0
com.sk89q.worldedit.bukkit.adapter.impl.v1_20_R4.PaperweightDataConverters.DataConverterSpawnEgg;1;19;0;0
com.sk89q.worldedit.bukkit.adapter.impl.v1_20_R4.PaperweightDataConverters.DataConverterTileEntity;1;19;0;0
com.sk89q.worldedit.bukkit.adapter.impl.v1_20_R4.PaperweightDataConverters.DataConverterTotem;0;18;0;0
com.sk89q.worldedit.bukkit.adapter.impl.v1_20_R4.PaperweightDataConverters.DataConverterUUID;0;18;0;0
com.sk89q.worldedit.bukkit.adapter.impl.v1_20_R4.PaperweightDataConverters.DataConverterVBO;0;18;0;0
com.sk89q.worldedit.bukkit.adapter.impl.v1_20_R4.PaperweightDataConverters.DataConverterZombie;1;20;0;0
com.sk89q.worldedit.bukkit.adapter.impl.v1_20_R4.PaperweightDataConverters.DataConverterZombieType;0;18;0;0
com.sk89q.worldedit.bukkit.adapter.impl.v1_20_R4.PaperweightDataConverters.DataInspector;N/A;N/A;N/A;N/A
com.sk89q.worldedit.bukkit.adapter.impl.v1_20_R4.PaperweightDataConverters.DataInspectorBlockEntity;2;19;0;0
com.sk89q.worldedit.bukkit.adapter.impl.v1_20_R4.PaperweightDataConverters.DataInspectorChunks;0;15;0;0
com.sk89q.worldedit.bukkit.adapter.impl.v1_20_R4.PaperweightDataConverters.DataInspectorCommandBlock;1;16;0;0
com.sk89q.worldedit.bukkit.adapter.impl.v1_20_R4.PaperweightDataConverters.DataInspectorEntity;0;16;0;0
com.sk89q.worldedit.bukkit.adapter.impl.v1_20_R4.PaperweightDataConverters.DataInspectorEntityPassengers;0;15;0;0
com.sk89q.worldedit.bukkit.adapter.impl.v1_20_R4.PaperweightDataConverters.DataInspectorItem;2;21;0;0
com.sk89q.worldedit.bukkit.adapter.impl.v1_20_R4.PaperweightDataConverters.DataInspectorItemList;2;21;0;0
com.sk89q.worldedit.bukkit.adapter.impl.v1_20_R4.PaperweightDataConverters.DataInspectorLevelPlayer;0;15;0;0
com.sk89q.worldedit.bukkit.adapter.impl.v1_20_R4.PaperweightDataConverters.DataInspectorMobSpawnerMinecart;2;17;0;0
com.sk89q.worldedit.bukkit.adapter.impl.v1_20_R4.PaperweightDataConverters.DataInspectorMobSpawnerMobs;1;16;0;0
com.sk89q.worldedit.bukkit.adapter.impl.v1_20_R4.PaperweightDataConverters.DataInspectorPlayer;0;15;0;0
com.sk89q.worldedit.bukkit.adapter.impl.v1_20_R4.PaperweightDataConverters.DataInspectorPlayerVehicle;0;15;0;0
com.sk89q.worldedit.bukkit.adapter.impl.v1_20_R4.PaperweightDataConverters.DataInspectorStructure;0;15;0;0
com.sk89q.worldedit.bukkit.adapter.impl.v1_20_R4.PaperweightDataConverters.DataInspectorTagged;1;18;0;0
com.sk89q.worldedit.bukkit.adapter.impl.v1_20_R4.PaperweightDataConverters.DataInspectorVillagers;1;16;0;0
com.sk89q.worldedit.bukkit.adapter.impl.v1_20_R4.PaperweightDataConverters.LegacyType;N/A;N/A;N/A;N/A
com.sk89q.worldedit.bukkit.adapter.impl.v1_20_R4.PaperweightDataConverters.WrappedDataFixer;1;20;0;0
com.sk89q.worldedit.bukkit.adapter.impl.v1_20_R4.PaperweightFakePlayer;0;441;1296;11
com.sk89q.worldedit.bukkit.adapter.impl.v1_20_R4.PaperweightServerLevelDelegateProxy;7;3;23;0
com.sk89q.worldedit.bukkit.adapter.impl.v1_20_R4.PaperweightWorldNativeAccess;16;5;51;2
com.sk89q.worldedit.bukkit.adapter.impl.v1_21.PaperweightAdapter;37;13;93;13
com.sk89q.worldedit.bukkit.adapter.impl.v1_21.PaperweightAdapter.MojangWatchdog;2;18;0;0
com.sk89q.worldedit.bukkit.adapter.impl.v1_21.PaperweightAdapter.NoOpWorldLoadListener;0;21;0;0
com.sk89q.worldedit.bukkit.adapter.impl.v1_21.PaperweightAdapter.SpigotWatchdog;2;18;0;0
com.sk89q.worldedit.bukkit.adapter.impl.v1_21.PaperweightDataConverters;27;10;43;0
com.sk89q.worldedit.bukkit.adapter.impl.v1_21.PaperweightDataConverters.DataConverter;N/A;N/A;N/A;N/A
com.sk89q.worldedit.bukkit.adapter.impl.v1_21.PaperweightDataConverters.DataConverterArmorStand;0;18;0;0
com.sk89q.worldedit.bukkit.adapter.impl.v1_21.PaperweightDataConverters.DataConverterBanner;0;18;0;0
com.sk89q.worldedit.bukkit.adapter.impl.v1_21.PaperweightDataConverters.DataConverterBedBlock;1;19;0;0
com.sk89q.worldedit.bukkit.adapter.impl.v1_21.PaperweightDataConverters.DataConverterBedItem;0;18;0;0
com.sk89q.worldedit.bukkit.adapter.impl.v1_21.PaperweightDataConverters.DataConverterBook;0;18;0;0
com.sk89q.worldedit.bukkit.adapter.impl.v1_21.PaperweightDataConverters.DataConverterCookedFish;1;19;0;0
com.sk89q.worldedit.bukkit.adapter.impl.v1_21.PaperweightDataConverters.DataConverterDropChances;0;18;0;0
com.sk89q.worldedit.bukkit.adapter.impl.v1_21.PaperweightDataConverters.DataConverterEntity;1;19;0;0
com.sk89q.worldedit.bukkit.adapter.impl.v1_21.PaperweightDataConverters.DataConverterEquipment;0;18;0;0
com.sk89q.worldedit.bukkit.adapter.impl.v1_21.PaperweightDataConverters.DataConverterGuardian;0;18;0;0
com.sk89q.worldedit.bukkit.adapter.impl.v1_21.PaperweightDataConverters.DataConverterHanging;0;18;0;0
com.sk89q.worldedit.bukkit.adapter.impl.v1_21.PaperweightDataConverters.DataConverterHealth;1;19;0;0
com.sk89q.worldedit.bukkit.adapter.impl.v1_21.PaperweightDataConverters.DataConverterHorse;0;18;0;0
com.sk89q.worldedit.bukkit.adapter.impl.v1_21.PaperweightDataConverters.DataConverterLang;0;18;0;0
com.sk89q.worldedit.bukkit.adapter.impl.v1_21.PaperweightDataConverters.DataConverterMaterialId;1;19;0;0
com.sk89q.worldedit.bukkit.adapter.impl.v1_21.PaperweightDataConverters.DataConverterMinecart;1;19;0;0
com.sk89q.worldedit.bukkit.adapter.impl.v1_21.PaperweightDataConverters.DataConverterMobSpawner;0;18;0;0
com.sk89q.worldedit.bukkit.adapter.impl.v1_21.PaperweightDataConverters.DataConverterPotionId;1;19;0;0
com.sk89q.worldedit.bukkit.adapter.impl.v1_21.PaperweightDataConverters.DataConverterPotionWater;0;18;0;0
com.sk89q.worldedit.bukkit.adapter.impl.v1_21.PaperweightDataConverters.DataConverterRiding;0;20;0;0
com.sk89q.worldedit.bukkit.adapter.impl.v1_21.PaperweightDataConverters.DataConverterSaddle;0;18;0;0
com.sk89q.worldedit.bukkit.adapter.impl.v1_21.PaperweightDataConverters.DataConverterShulker;0;18;0;0
com.sk89q.worldedit.bukkit.adapter.impl.v1_21.PaperweightDataConverters.DataConverterShulkerBoxBlock;0;18;0;0
com.sk89q.worldedit.bukkit.adapter.impl.v1_21.PaperweightDataConverters.DataConverterShulkerBoxItem;1;19;0;0
com.sk89q.worldedit.bukkit.adapter.impl.v1_21.PaperweightDataConverters.DataConverterSignText;1;20;0;0
com.sk89q.worldedit.bukkit.adapter.impl.v1_21.PaperweightDataConverters.DataConverterSkeleton;0;18;0;0
com.sk89q.worldedit.bukkit.adapter.impl.v1_21.PaperweightDataConverters.DataConverterSpawnEgg;1;19;0;0
com.sk89q.worldedit.bukkit.adapter.impl.v1_21.PaperweightDataConverters.DataConverterTileEntity;1;19;0;0
com.sk89q.worldedit.bukkit.adapter.impl.v1_21.PaperweightDataConverters.DataConverterTotem;0;18;0;0
com.sk89q.worldedit.bukkit.adapter.impl.v1_21.PaperweightDataConverters.DataConverterUUID;0;18;0;0
com.sk89q.worldedit.bukkit.adapter.impl.v1_21.PaperweightDataConverters.DataConverterVBO;0;18;0;0
com.sk89q.worldedit.bukkit.adapter.impl.v1_21.PaperweightDataConverters.DataConverterZombie;1;20;0;0
com.sk89q.worldedit.bukkit.adapter.impl.v1_21.PaperweightDataConverters.DataConverterZombieType;0;18;0;0
com.sk89q.worldedit.bukkit.adapter.impl.v1_21.PaperweightDataConverters.DataInspector;N/A;N/A;N/A;N/A
com.sk89q.worldedit.bukkit.adapter.impl.v1_21.PaperweightDataConverters.DataInspectorBlockEntity;2;19;0;0
com.sk89q.worldedit.bukkit.adapter.impl.v1_21.PaperweightDataConverters.DataInspectorChunks;0;15;0;0
com.sk89q.worldedit.bukkit.adapter.impl.v1_21.PaperweightDataConverters.DataInspectorCommandBlock;1;16;0;0
com.sk89q.worldedit.bukkit.adapter.impl.v1_21.PaperweightDataConverters.DataInspectorEntity;0;16;0;0
com.sk89q.worldedit.bukkit.adapter.impl.v1_21.PaperweightDataConverters.DataInspectorEntityPassengers;0;15;0;0
com.sk89q.worldedit.bukkit.adapter.impl.v1_21.PaperweightDataConverters.DataInspectorItem;2;21;0;0
com.sk89q.worldedit.bukkit.adapter.impl.v1_21.PaperweightDataConverters.DataInspectorItemList;2;21;0;0
com.sk89q.worldedit.bukkit.adapter.impl.v1_21.PaperweightDataConverters.DataInspectorLevelPlayer;0;15;0;0
com.sk89q.worldedit.bukkit.adapter.impl.v1_21.PaperweightDataConverters.DataInspectorMobSpawnerMinecart;2;17;0;0
com.sk89q.worldedit.bukkit.adapter.impl.v1_21.PaperweightDataConverters.DataInspectorMobSpawnerMobs;1;16;0;0
com.sk89q.worldedit.bukkit.adapter.impl.v1_21.PaperweightDataConverters.DataInspectorPlayer;0;15;0;0
com.sk89q.worldedit.bukkit.adapter.impl.v1_21.PaperweightDataConverters.DataInspectorPlayerVehicle;0;15;0;0
com.sk89q.worldedit.bukkit.adapter.impl.v1_21.PaperweightDataConverters.DataInspectorStructure;0;15;0;0
com.sk89q.worldedit.bukkit.adapter.impl.v1_21.PaperweightDataConverters.DataInspectorTagged;1;18;0;0
com.sk89q.worldedit.bukkit.adapter.impl.v1_21.PaperweightDataConverters.DataInspectorVillagers;1;16;0;0
com.sk89q.worldedit.bukkit.adapter.impl.v1_21.PaperweightDataConverters.LegacyType;N/A;N/A;N/A;N/A
com.sk89q.worldedit.bukkit.adapter.impl.v1_21.PaperweightDataConverters.WrappedDataFixer;1;20;0;0
com.sk89q.worldedit.bukkit.adapter.impl.v1_21.PaperweightFakePlayer;0;438;1342;10
com.sk89q.worldedit.bukkit.adapter.impl.v1_21.PaperweightServerLevelDelegateProxy;8;4;24;0
com.sk89q.worldedit.bukkit.adapter.impl.v1_21.PaperweightWorldNativeAccess;16;5;51;2
com.sk89q.worldedit.bukkit.adapter.impl.v1_21.StaticRefraction;0;15;13;0
com.sk89q.worldedit.cli.CLIBlockCategoryRegistry;1;0;16;0
com.sk89q.worldedit.cli.CLIBlockRegistry;1;0;25;1
com.sk89q.worldedit.cli.CLICommandSender;17;7;53;0
com.sk89q.worldedit.cli.CLIConfiguration;0;49;33;2
com.sk89q.worldedit.cli.CLIExtraCommands;2;0;15;0
com.sk89q.worldedit.cli.CLIItemCategoryRegistry;1;0;16;0
com.sk89q.worldedit.cli.CLIPlatform;15;8;66;5
com.sk89q.worldedit.cli.CLIRegistries;1;12;33;3
com.sk89q.worldedit.cli.CLIWorld;N/A;N/A;N/A;N/A
com.sk89q.worldedit.cli.CLIWorldEdit;14;8;28;0
com.sk89q.worldedit.cli.data.FileRegistries;2;3;16;0
com.sk89q.worldedit.cli.data.FileRegistries.BlockManifest;2;15;0;2
com.sk89q.worldedit.cli.data.FileRegistries.BlockProperty;2;15;0;2
com.sk89q.worldedit.cli.data.FileRegistries.DataFile;7;20;0;7
com.sk89q.worldedit.cli.schematic.ClipboardWorld;21;6;122;7
com.sk89q.worldedit.command.ApplyBrushCommands;5;2;18;0
com.sk89q.worldedit.command.BiomeCommands;3;0;17;0
com.sk89q.worldedit.command.BrushCommands;23;2;37;0
com.sk89q.worldedit.command.ChunkCommands;3;1;17;0
com.sk89q.worldedit.command.ChunkCommands.ChunkListPaginationBox;9;44;0;0
com.sk89q.worldedit.command.ClipboardCommands;7;0;20;0
com.sk89q.worldedit.command.ExpandCommands;4;0;17;0
com.sk89q.worldedit.command.GeneralCommands;15;1;29;0
com.sk89q.worldedit.command.GeneralCommands.ItemSearcher;4;20;0;0
com.sk89q.worldedit.command.GenerationCommands;13;1;27;0
com.sk89q.worldedit.command.HistoryCommands;3;1;17;0
com.sk89q.worldedit.command.InsufficientArgumentsException;0;16;54;0
com.sk89q.worldedit.command.LegacySnapshotCommands;5;2;19;0
com.sk89q.worldedit.command.LegacySnapshotCommands.SnapshotListBox;9;44;0;0
com.sk89q.worldedit.command.LegacySnapshotUtilCommands;1;1;15;0
com.sk89q.worldedit.command.NavigationCommands;8;1;22;0
com.sk89q.worldedit.command.PaintBrushCommands;5;3;18;0
com.sk89q.worldedit.command.RegionCommands;19;0;33;0
com.sk89q.worldedit.command.SchematicCommands;7;2;21;0
com.sk89q.worldedit.command.SchematicCommands.SchematicListTask;4;20;0;0
com.sk89q.worldedit.command.SchematicCommands.SchematicLoadTask;3;19;0;0
com.sk89q.worldedit.command.SchematicCommands.SchematicOutputTask;2;18;0;0
com.sk89q.worldedit.command.SchematicCommands.SchematicPaginationBox;10;45;0;0
com.sk89q.worldedit.command.SchematicCommands.SchematicSaveTask;5;23;0;0
com.sk89q.worldedit.command.SchematicCommands.SchematicShareTask;5;23;0;0
com.sk89q.worldedit.command.ScriptingCommands;2;1;16;0
com.sk89q.worldedit.command.SelectionCommands;19;1;33;0
com.sk89q.worldedit.command.SelectionCommands.BlockDistributionResult;11;47;1;0
com.sk89q.worldedit.command.SnapshotCommands;7;3;21;0
com.sk89q.worldedit.command.SnapshotCommands.SnapshotListBox;9;44;0;0
com.sk89q.worldedit.command.SnapshotUtilCommands;1;2;15;0
com.sk89q.worldedit.command.SuperPickaxeCommands;3;1;17;0
com.sk89q.worldedit.command.ToolCommands;17;2;31;0
com.sk89q.worldedit.command.ToolUtilCommands;6;1;20;0
com.sk89q.worldedit.command.UtilityCommands;19;1;33;0
com.sk89q.worldedit.command.WorldEditCommands;7;2;21;0
com.sk89q.worldedit.command.argument.AbstractDirectionConverter;6;6;26;1
com.sk89q.worldedit.command.argument.Arguments;N/A;N/A;N/A;N/A
com.sk89q.worldedit.command.argument.BooleanConverter;1;0;15;0
com.sk89q.worldedit.command.argument.Chunk3dVectorConverter;3;4;21;0
com.sk89q.worldedit.command.argument.ClipboardFormatConverter;3;1;22;1
com.sk89q.worldedit.command.argument.ClipboardShareDestinationConverter;3;1;22;1
com.sk89q.worldedit.command.argument.CommaSeparatedValuesConverter;6;4;25;1
com.sk89q.worldedit.command.argument.DirectionConverter;2;6;29;0
com.sk89q.worldedit.command.argument.DirectionVectorConverter;2;6;29;0
com.sk89q.worldedit.command.argument.EntityRemoverConverter;3;1;22;1
com.sk89q.worldedit.command.argument.EnumConverter;3;0;17;0
com.sk89q.worldedit.command.argument.FactoryConverter;4;4;23;1
com.sk89q.worldedit.command.argument.HeightConverter;3;2;21;0
com.sk89q.worldedit.command.argument.OffsetConverter;4;2;23;1
com.sk89q.worldedit.command.argument.RegionFactoryConverter;1;0;15;0
com.sk89q.worldedit.command.argument.RegistryConverter;4;2;23;1
com.sk89q.worldedit.command.argument.SelectorChoice;N/A;N/A;N/A;N/A
com.sk89q.worldedit.command.argument.SelectorChoiceConverter;3;0;16;0
com.sk89q.worldedit.command.argument.SelectorChoiceList;0;1;14;0
com.sk89q.worldedit.command.argument.SelectorChoiceOrList;N/A;N/A;N/A;N/A
com.sk89q.worldedit.command.argument.SideEffectConverter;4;1;23;1
com.sk89q.worldedit.command.argument.SideEffectSetConverter;3;2;22;1
com.sk89q.worldedit.command.argument.VectorConverter;3;6;21;0
com.sk89q.worldedit.command.argument.WorldConverter;4;1;23;1
com.sk89q.worldedit.command.argument.ZonedDateTimeConverter;3;0;21;0
com.sk89q.worldedit.command.factory.FeatureGeneratorFactory;1;2;17;1
com.sk89q.worldedit.command.factory.ItemUseFactory;1;2;18;1
com.sk89q.worldedit.command.factory.ReplaceFactory;1;1;17;1
com.sk89q.worldedit.command.factory.TreeGeneratorFactory;1;1;17;1
com.sk89q.worldedit.command.tool.AreaPickaxe;1;1;19;1
com.sk89q.worldedit.command.tool.BlockDataCyler;2;1;22;2
com.sk89q.worldedit.command.tool.BlockReplacer;1;1;22;2
com.sk89q.worldedit.command.tool.BlockTool;N/A;N/A;N/A;N/A
com.sk89q.worldedit.command.tool.BrushTool;14;8;31;0
com.sk89q.worldedit.command.tool.DistanceWand;2;8;36;1
com.sk89q.worldedit.command.tool.DoubleActionBlockTool;N/A;N/A;N/A;N/A
com.sk89q.worldedit.command.tool.DoubleActionTraceTool;N/A;N/A;N/A;N/A
com.sk89q.worldedit.command.tool.FloatingTreeRemover;3;2;21;1
com.sk89q.worldedit.command.tool.FloodFillTool;2;2;20;1
com.sk89q.worldedit.command.tool.InvalidToolBindException;1;17;55;0
com.sk89q.worldedit.command.tool.LongRangeBuildTool;2;10;37;2
com.sk89q.worldedit.command.tool.NavigationWand;3;2;19;0
com.sk89q.worldedit.command.tool.QueryTool;1;0;18;1
com.sk89q.worldedit.command.tool.RecursivePickaxe;2;1;20;1
com.sk89q.worldedit.command.tool.SelectionWand;1;0;21;2
com.sk89q.worldedit.command.tool.SinglePickaxe;1;0;18;1
com.sk89q.worldedit.command.tool.StackTool;1;2;19;1
com.sk89q.worldedit.command.tool.Tool;N/A;N/A;N/A;N/A
com.sk89q.worldedit.command.tool.TraceTool;N/A;N/A;N/A;N/A
com.sk89q.worldedit.command.tool.TreePlanter;1;1;19;1
com.sk89q.worldedit.command.tool.brush.Brush;N/A;N/A;N/A;N/A
com.sk89q.worldedit.command.tool.brush.ButcherBrush;1;1;16;0
com.sk89q.worldedit.command.tool.brush.ClipboardBrush;1;7;18;0
com.sk89q.worldedit.command.tool.brush.CylinderBrush;1;1;16;0
com.sk89q.worldedit.command.tool.brush.GravityBrush;1;2;16;0
com.sk89q.worldedit.command.tool.brush.HollowCylinderBrush;1;1;16;0
com.sk89q.worldedit.command.tool.brush.HollowSphereBrush;1;0;15;0
com.sk89q.worldedit.command.tool.brush.ImageHeightmapBrush;1;5;16;0
com.sk89q.worldedit.command.tool.brush.MorphBrush;1;4;16;0
com.sk89q.worldedit.command.tool.brush.OperationFactoryBrush;1;3;17;0
com.sk89q.worldedit.command.tool.brush.SmoothBrush;1;2;17;0
com.sk89q.worldedit.command.tool.brush.SnowSmoothBrush;1;3;18;0
com.sk89q.worldedit.command.tool.brush.SphereBrush;1;0;15;0
com.sk89q.worldedit.command.tool.brush.SplatterBrush;1;1;16;0
com.sk89q.worldedit.command.util.AsyncCommandBuilder;13;11;27;0
com.sk89q.worldedit.command.util.CommandPermissions;N/A;N/A;N/A;N/A
com.sk89q.worldedit.command.util.CommandPermissionsConditionGenerator;1;0;15;0
com.sk89q.worldedit.command.util.CommandPermissionsConditionGenerator.Registration;N/A;N/A;N/A;N/A
com.sk89q.worldedit.command.util.CreatureButcher;3;2;17;0
com.sk89q.worldedit.command.util.CreatureButcher.Flags;9;23;0;0
com.sk89q.worldedit.command.util.EntityRemover;2;1;16;0
com.sk89q.worldedit.command.util.EntityRemover.Type;N/A;N/A;N/A;N/A
com.sk89q.worldedit.command.util.FutureProgressListener;4;4;21;0
com.sk89q.worldedit.command.util.HookMode;N/A;N/A;N/A;N/A
com.sk89q.worldedit.command.util.Logging;N/A;N/A;N/A;N/A
com.sk89q.worldedit.command.util.Logging.LogMode;N/A;N/A;N/A;N/A
com.sk89q.worldedit.command.util.MessageTimerTask;1;12;21;0
com.sk89q.worldedit.command.util.PermissionCondition;2;4;21;0
com.sk89q.worldedit.command.util.PrintCommandHelp;4;0;18;0
com.sk89q.worldedit.command.util.SubCommandPermissionCondition;0;5;23;1
com.sk89q.worldedit.command.util.SubCommandPermissionCondition.Generator;1;16;0;0
com.sk89q.worldedit.command.util.SuggestionHelper;4;0;18;0
com.sk89q.worldedit.command.util.WorldEditAsyncCommandBuilder;2;0;16;0
com.sk89q.worldedit.entity.BaseEntity;1;2;27;2
com.sk89q.worldedit.entity.Entity;N/A;N/A;N/A;N/A
com.sk89q.worldedit.entity.Player;N/A;N/A;N/A;N/A
com.sk89q.worldedit.entity.metadata.EntityProperties;N/A;N/A;N/A;N/A
com.sk89q.worldedit.event.AbstractCancellable;2;1;17;0
com.sk89q.worldedit.event.Cancellable;N/A;N/A;N/A;N/A
com.sk89q.worldedit.event.Event;0;0;13;0
com.sk89q.worldedit.event.extent.EditSessionEvent;9;7;23;0
com.sk89q.worldedit.event.platform.BlockInteractEvent;6;5;23;0
com.sk89q.worldedit.event.platform.CommandEvent;2;3;20;0
com.sk89q.worldedit.event.platform.CommandSuggestionEvent;4;3;18;0
com.sk89q.worldedit.event.platform.ConfigurationLoadEvent;1;1;15;0
com.sk89q.worldedit.event.platform.InputType;N/A;N/A;N/A;N/A
com.sk89q.worldedit.event.platform.Interaction;N/A;N/A;N/A;N/A
com.sk89q.worldedit.event.platform.PlatformEvent;1;1;15;0
com.sk89q.worldedit.event.platform.PlatformInitializeEvent;0;0;13;0
com.sk89q.worldedit.event.platform.PlatformReadyEvent;0;1;16;0
com.sk89q.worldedit.event.platform.PlatformUnreadyEvent;0;1;16;0
com.sk89q.worldedit.event.platform.PlatformsRegisteredEvent;0;0;13;0
com.sk89q.worldedit.event.platform.PlayerInputEvent;4;3;20;0
com.sk89q.worldedit.event.platform.SessionIdleEvent;1;1;15;0
com.sk89q.worldedit.extension.factory.BlockFactory;1;2;21;0
com.sk89q.worldedit.extension.factory.ItemFactory;0;2;20;0
com.sk89q.worldedit.extension.factory.MaskFactory;0;2;22;2
com.sk89q.worldedit.extension.factory.PatternFactory;0;2;20;0
com.sk89q.worldedit.extension.factory.parser.DefaultBlockParser;5;2;24;1
com.sk89q.worldedit.extension.factory.parser.DefaultItemParser;2;1;21;1
com.sk89q.worldedit.extension.factory.parser.mask.AirMaskParser;2;2;26;0
com.sk89q.worldedit.extension.factory.parser.mask.BiomeMaskParser;1;1;20;1
com.sk89q.worldedit.extension.factory.parser.mask.BlockCategoryMaskParser;1;1;20;1
com.sk89q.worldedit.extension.factory.parser.mask.BlockStateMaskParser;1;1;20;1
com.sk89q.worldedit.extension.factory.parser.mask.BlocksMaskParser;1;1;20;1
com.sk89q.worldedit.extension.factory.parser.mask.ExistingMaskParser;2;2;26;0
com.sk89q.worldedit.extension.factory.parser.mask.ExposedMaskParser;2;2;26;0
com.sk89q.worldedit.extension.factory.parser.mask.ExpressionMaskParser;1;1;20;1
com.sk89q.worldedit.extension.factory.parser.mask.LazyRegionMaskParser;2;2;26;0
com.sk89q.worldedit.extension.factory.parser.mask.NegateMaskParser;1;1;20;1
com.sk89q.worldedit.extension.factory.parser.mask.NoiseMaskParser;1;1;20;1
com.sk89q.worldedit.extension.factory.parser.mask.OffsetMaskParser;1;1;20;1
com.sk89q.worldedit.extension.factory.parser.mask.RegionMaskParser;2;2;26;0
com.sk89q.worldedit.extension.factory.parser.mask.SolidMaskParser;2;2;26;0
com.sk89q.worldedit.extension.factory.parser.pattern.BlockCategoryPatternParser;1;1;20;1
com.sk89q.worldedit.extension.factory.parser.pattern.ClipboardPatternParser;1;1;20;1
com.sk89q.worldedit.extension.factory.parser.pattern.RandomPatternParser;1;2;20;1
com.sk89q.worldedit.extension.factory.parser.pattern.RandomStatePatternParser;1;1;20;1
com.sk89q.worldedit.extension.factory.parser.pattern.SingleBlockPatternParser;1;1;20;1
com.sk89q.worldedit.extension.factory.parser.pattern.TypeOrStateApplyingPatternParser;1;1;20;1
com.sk89q.worldedit.extension.input.DisallowedUsageException;0;16;60;0
com.sk89q.worldedit.extension.input.InputParseException;0;16;56;0
com.sk89q.worldedit.extension.input.NoMatchException;0;16;60;0
com.sk89q.worldedit.extension.input.ParserContext;18;7;33;0
com.sk89q.worldedit.extension.platform.AbstractCommandBlockActor;3;2;50;0
com.sk89q.worldedit.extension.platform.AbstractNonPlayerActor;5;0;40;0
com.sk89q.worldedit.extension.platform.AbstractPlatform;7;3;45;0
com.sk89q.worldedit.extension.platform.AbstractPlayerActor;41;0;121;4
com.sk89q.worldedit.extension.platform.Actor;N/A;N/A;N/A;N/A
com.sk89q.worldedit.extension.platform.Annotations;1;0;15;0
com.sk89q.worldedit.extension.platform.Capability;N/A;N/A;N/A;N/A
com.sk89q.worldedit.extension.platform.Locatable;N/A;N/A;N/A;N/A
com.sk89q.worldedit.extension.platform.MultiUserPlatform;N/A;N/A;N/A;N/A
com.sk89q.worldedit.extension.platform.NoCapablePlatformException;0;16;54;0
com.sk89q.worldedit.extension.platform.Platform;N/A;N/A;N/A;N/A
com.sk89q.worldedit.extension.platform.PlatformCommandManager;15;11;29;0
com.sk89q.worldedit.extension.platform.PlatformManager;18;8;32;0
com.sk89q.worldedit.extension.platform.PlayerProxy;19;4;149;8
com.sk89q.worldedit.extension.platform.Preference;N/A;N/A;N/A;N/A
com.sk89q.worldedit.extension.platform.Watchdog;N/A;N/A;N/A;N/A
com.sk89q.worldedit.extension.platform.permission.ActorSelectorLimits;3;2;19;0
com.sk89q.worldedit.extension.platform.permission.OverridePermissions;0;1;14;0
com.sk89q.worldedit.extent.AbstractBufferingExtent;3;1;49;2
com.sk89q.worldedit.extent.AbstractDelegateExtent;11;1;42;3
com.sk89q.worldedit.extent.ChangeSetExtent;3;3;52;5
com.sk89q.worldedit.extent.ChangeSetExtent.TrackedEntity;1;30;0;0
com.sk89q.worldedit.extent.Extent;N/A;N/A;N/A;N/A
com.sk89q.worldedit.extent.InputExtent;N/A;N/A;N/A;N/A
com.sk89q.worldedit.extent.MaskingExtent;2;2;46;1
com.sk89q.worldedit.extent.NullExtent;9;0;39;3
com.sk89q.worldedit.extent.OutputExtent;N/A;N/A;N/A;N/A
com.sk89q.worldedit.extent.TracingExtent;3;3;50;4
com.sk89q.worldedit.extent.TracingExtent.Action;N/A;N/A;N/A;N/A
com.sk89q.worldedit.extent.buffer.ExtentBuffer;1;3;53;1
com.sk89q.worldedit.extent.buffer.ForgetfulExtentBuffer;2;6;54;4
com.sk89q.worldedit.extent.buffer.internal.BatchingExtent;4;3;57;2
com.sk89q.worldedit.extent.cache.LastAccessExtentCache;0;3;46;3
com.sk89q.worldedit.extent.cache.LastAccessExtentCache.CachedBlock;2;22;0;0
com.sk89q.worldedit.extent.clipboard.BlockArrayClipboard;13;5;50;3
com.sk89q.worldedit.extent.clipboard.BlockArrayClipboard.ClipboardEntity;2;33;0;0
com.sk89q.worldedit.extent.clipboard.Clipboard;N/A;N/A;N/A;N/A
com.sk89q.worldedit.extent.clipboard.StoredEntity;5;2;28;0
com.sk89q.worldedit.extent.clipboard.io.BuiltInClipboardFormat;N/A;N/A;N/A;N/A
com.sk89q.worldedit.extent.clipboard.io.ClipboardFormat;N/A;N/A;N/A;N/A
com.sk89q.worldedit.extent.clipboard.io.ClipboardFormats;7;3;21;0
com.sk89q.worldedit.extent.clipboard.io.ClipboardReader;N/A;N/A;N/A;N/A
com.sk89q.worldedit.extent.clipboard.io.ClipboardWriter;N/A;N/A;N/A;N/A
com.sk89q.worldedit.extent.clipboard.io.MCEditSchematicReader;5;5;24;0
com.sk89q.worldedit.extent.clipboard.io.NBTSchematicReader;2;0;19;0
com.sk89q.worldedit.extent.clipboard.io.SchematicLoadException;1;17;52;0
com.sk89q.worldedit.extent.clipboard.io.SpongeSchematicReader;3;1;24;1
com.sk89q.worldedit.extent.clipboard.io.SpongeSchematicWriter;0;3;22;0
com.sk89q.worldedit.extent.clipboard.io.legacycompat.BannerBlockCompatibilityHandler;1;2;18;1
com.sk89q.worldedit.extent.clipboard.io.legacycompat.BedBlockCompatibilityHandler;1;2;18;1
com.sk89q.worldedit.extent.clipboard.io.legacycompat.EntityNBTCompatibilityHandler;N/A;N/A;N/A;N/A
com.sk89q.worldedit.extent.clipboard.io.legacycompat.FlowerPotCompatibilityHandler;1;0;18;1
com.sk89q.worldedit.extent.clipboard.io.legacycompat.NBTCompatibilityHandler;N/A;N/A;N/A;N/A
com.sk89q.worldedit.extent.clipboard.io.legacycompat.NoteBlockCompatibilityHandler;0;1;17;1
com.sk89q.worldedit.extent.clipboard.io.legacycompat.Pre13HangingCompatibilityHandler;0;0;17;1
com.sk89q.worldedit.extent.clipboard.io.legacycompat.SignCompatibilityHandler;0;0;17;1
com.sk89q.worldedit.extent.clipboard.io.legacycompat.SkullBlockCompatibilityHandler;1;1;18;1
com.sk89q.worldedit.extent.clipboard.io.share.BuiltInClipboardShareDestinations;N/A;N/A;N/A;N/A
com.sk89q.worldedit.extent.clipboard.io.share.ClipboardShareDestination;N/A;N/A;N/A;N/A
com.sk89q.worldedit.extent.clipboard.io.share.ClipboardShareDestinations;3;2;17;0
com.sk89q.worldedit.extent.clipboard.io.share.ClipboardShareMetadata;3;3;21;0
com.sk89q.worldedit.extent.clipboard.io.share.ShareOutputProvider;N/A;N/A;N/A;N/A
com.sk89q.worldedit.extent.clipboard.io.sponge.ReaderUtil;10;1;24;0
com.sk89q.worldedit.extent.clipboard.io.sponge.SpongeSchematicV1Reader;5;1;24;1
com.sk89q.worldedit.extent.clipboard.io.sponge.SpongeSchematicV2Reader;6;2;25;1
com.sk89q.worldedit.extent.clipboard.io.sponge.SpongeSchematicV2Writer;4;3;21;0
com.sk89q.worldedit.extent.clipboard.io.sponge.SpongeSchematicV3Reader;6;2;25;1
com.sk89q.worldedit.extent.clipboard.io.sponge.SpongeSchematicV3Writer;6;3;23;0
com.sk89q.worldedit.extent.clipboard.io.sponge.SpongeSchematicV3Writer.PaletteMap;2;17;0;0
com.sk89q.worldedit.extent.clipboard.io.sponge.VersionedDataFixer;2;2;16;0
com.sk89q.worldedit.extent.clipboard.io.sponge.WriterUtil;4;0;17;0
com.sk89q.worldedit.extent.inventory.BlockBag;4;0;22;0
com.sk89q.worldedit.extent.inventory.BlockBagException;0;15;45;0
com.sk89q.worldedit.extent.inventory.BlockBagExtent;3;3;47;1
com.sk89q.worldedit.extent.inventory.OutOfBlocksException;0;15;45;0
com.sk89q.worldedit.extent.inventory.OutOfSpaceException;1;16;47;0
com.sk89q.worldedit.extent.inventory.UnplaceableBlockException;0;15;45;0
com.sk89q.worldedit.extent.reorder.ChunkBatchingExtent;4;3;57;2
com.sk89q.worldedit.extent.reorder.MultiStageReorder;5;4;58;2
com.sk89q.worldedit.extent.reorder.MultiStageReorder.PlacementPriority;N/A;N/A;N/A;N/A
com.sk89q.worldedit.extent.reorder.ReorderingExtent;N/A;N/A;N/A;N/A
com.sk89q.worldedit.extent.transform.BlockTransformExtent;4;3;50;3
com.sk89q.worldedit.extent.validation.BlockChangeLimiter;3;3;47;1
com.sk89q.worldedit.extent.validation.DataValidatorExtent;0;3;46;2
com.sk89q.worldedit.extent.world.BiomeQuirkExtent;0;1;44;1
com.sk89q.worldedit.extent.world.BlockQuirkExtent;0;2;44;1
com.sk89q.worldedit.extent.world.ChunkLoadingExtent;0;3;46;2
com.sk89q.worldedit.extent.world.SideEffectExtent;5;8;51;3
com.sk89q.worldedit.extent.world.SurvivalModeExtent;4;4;48;1
com.sk89q.worldedit.extent.world.WatchdogTickingExtent;3;5;54;8
com.sk89q.worldedit.fabric.CommandWrapper;3;0;17;0
com.sk89q.worldedit.fabric.FabricAdapter;23;1;37;0
com.sk89q.worldedit.fabric.FabricBiomeRegistry;2;0;17;0
com.sk89q.worldedit.fabric.FabricBiomeRegistry.FabricBiomeData;1;17;0;0
com.sk89q.worldedit.fabric.FabricBlockCategoryRegistry;1;0;16;0
com.sk89q.worldedit.fabric.FabricBlockCommandSender;15;4;66;0
com.sk89q.worldedit.fabric.FabricBlockMaterial;0;3;63;10
com.sk89q.worldedit.fabric.FabricBlockRegistry;0;1;27;4
com.sk89q.worldedit.fabric.FabricCommandSender;15;2;56;0
com.sk89q.worldedit.fabric.FabricConfiguration;0;51;33;2
com.sk89q.worldedit.fabric.FabricDataFixer;28;9;44;0
com.sk89q.worldedit.fabric.FabricDataFixer.DataConverter;N/A;N/A;N/A;N/A
com.sk89q.worldedit.fabric.FabricDataFixer.DataConverterArmorStand;0;18;0;0
com.sk89q.worldedit.fabric.FabricDataFixer.DataConverterBanner;0;18;0;0
com.sk89q.worldedit.fabric.FabricDataFixer.DataConverterBedBlock;1;19;0;0
com.sk89q.worldedit.fabric.FabricDataFixer.DataConverterBedItem;0;18;0;0
com.sk89q.worldedit.fabric.FabricDataFixer.DataConverterBook;0;18;0;0
com.sk89q.worldedit.fabric.FabricDataFixer.DataConverterCookedFish;1;19;0;0
com.sk89q.worldedit.fabric.FabricDataFixer.DataConverterDropChances;0;18;0;0
com.sk89q.worldedit.fabric.FabricDataFixer.DataConverterEntity;1;19;0;0
com.sk89q.worldedit.fabric.FabricDataFixer.DataConverterEquipment;0;18;0;0
com.sk89q.worldedit.fabric.FabricDataFixer.DataConverterGuardian;0;18;0;0
com.sk89q.worldedit.fabric.FabricDataFixer.DataConverterHanging;0;18;0;0
com.sk89q.worldedit.fabric.FabricDataFixer.DataConverterHealth;1;19;0;0
com.sk89q.worldedit.fabric.FabricDataFixer.DataConverterHorse;0;18;0;0
com.sk89q.worldedit.fabric.FabricDataFixer.DataConverterLang;0;18;0;0
com.sk89q.worldedit.fabric.FabricDataFixer.DataConverterMaterialId;1;19;0;0
com.sk89q.worldedit.fabric.FabricDataFixer.DataConverterMinecart;1;19;0;0
com.sk89q.worldedit.fabric.FabricDataFixer.DataConverterMobSpawner;0;18;0;0
com.sk89q.worldedit.fabric.FabricDataFixer.DataConverterPotionId;1;19;0;0
com.sk89q.worldedit.fabric.FabricDataFixer.DataConverterPotionWater;0;18;0;0
com.sk89q.worldedit.fabric.FabricDataFixer.DataConverterRiding;0;20;0;0
com.sk89q.worldedit.fabric.FabricDataFixer.DataConverterSaddle;0;18;0;0
com.sk89q.worldedit.fabric.FabricDataFixer.DataConverterShulker;0;18;0;0
com.sk89q.worldedit.fabric.FabricDataFixer.DataConverterShulkerBoxBlock;0;18;0;0
com.sk89q.worldedit.fabric.FabricDataFixer.DataConverterShulkerBoxItem;1;19;0;0
com.sk89q.worldedit.fabric.FabricDataFixer.DataConverterSignText;1;20;0;0
com.sk89q.worldedit.fabric.FabricDataFixer.DataConverterSkeleton;0;18;0;0
com.sk89q.worldedit.fabric.FabricDataFixer.DataConverterSpawnEgg;1;19;0;0
com.sk89q.worldedit.fabric.FabricDataFixer.DataConverterTileEntity;1;19;0;0
com.sk89q.worldedit.fabric.FabricDataFixer.DataConverterTotem;0;18;0;0
com.sk89q.worldedit.fabric.FabricDataFixer.DataConverterUUID;0;18;0;0
com.sk89q.worldedit.fabric.FabricDataFixer.DataConverterVBO;0;18;0;0
com.sk89q.worldedit.fabric.FabricDataFixer.DataConverterZombie;1;20;0;0
com.sk89q.worldedit.fabric.FabricDataFixer.DataConverterZombieType;0;18;0;0
com.sk89q.worldedit.fabric.FabricDataFixer.DataInspector;N/A;N/A;N/A;N/A
com.sk89q.worldedit.fabric.FabricDataFixer.DataInspectorBlockEntity;2;19;0;0
com.sk89q.worldedit.fabric.FabricDataFixer.DataInspectorChunks;0;15;0;0
com.sk89q.worldedit.fabric.FabricDataFixer.DataInspectorCommandBlock;1;16;0;0
com.sk89q.worldedit.fabric.FabricDataFixer.DataInspectorEntity;1;17;0;0
com.sk89q.worldedit.fabric.FabricDataFixer.DataInspectorEntityPassengers;0;15;0;0
com.sk89q.worldedit.fabric.FabricDataFixer.DataInspectorItem;2;21;0;0
com.sk89q.worldedit.fabric.FabricDataFixer.DataInspectorItemList;2;21;0;0
com.sk89q.worldedit.fabric.FabricDataFixer.DataInspectorLevelPlayer;0;15;0;0
com.sk89q.worldedit.fabric.FabricDataFixer.DataInspectorMobSpawnerMinecart;2;17;0;0
com.sk89q.worldedit.fabric.FabricDataFixer.DataInspectorMobSpawnerMobs;1;16;0;0
com.sk89q.worldedit.fabric.FabricDataFixer.DataInspectorPlayer;0;15;0;0
com.sk89q.worldedit.fabric.FabricDataFixer.DataInspectorPlayerVehicle;0;15;0;0
com.sk89q.worldedit.fabric.FabricDataFixer.DataInspectorStructure;0;15;0;0
com.sk89q.worldedit.fabric.FabricDataFixer.DataInspectorTagged;1;18;0;0
com.sk89q.worldedit.fabric.FabricDataFixer.DataInspectorVillagers;1;16;0;0
com.sk89q.worldedit.fabric.FabricDataFixer.LegacyType;N/A;N/A;N/A;N/A
com.sk89q.worldedit.fabric.FabricDataFixer.WrappedDataFixer;1;20;0;0
com.sk89q.worldedit.fabric.FabricEntityProperties;20;1;54;0
com.sk89q.worldedit.fabric.FabricItemCategoryRegistry;1;0;16;0
com.sk89q.worldedit.fabric.FabricItemRegistry;0;0;23;2
com.sk89q.worldedit.fabric.FabricPermissionsProvider;N/A;N/A;N/A;N/A
com.sk89q.worldedit.fabric.FabricPermissionsProvider.LuckoFabricPermissionsProvider;1;22;2;0
com.sk89q.worldedit.fabric.FabricPermissionsProvider.VanillaPermissionsProvider;1;19;0;0
com.sk89q.worldedit.fabric.FabricPlatform;15;9;69;7
com.sk89q.worldedit.fabric.FabricPlayer;20;1;147;5
com.sk89q.worldedit.fabric.FabricPlayer.SessionKeyImpl;2;24;0;0
com.sk89q.worldedit.fabric.FabricRegistries;1;14;34;5
com.sk89q.worldedit.fabric.FabricWorld;23;6;131;23
com.sk89q.worldedit.fabric.FabricWorldEdit;24;11;39;0
com.sk89q.worldedit.fabric.ThreadSafeCache;3;4;17;0
com.sk89q.worldedit.fabric.WorldEditFakePlayer;0;341;1168;5
com.sk89q.worldedit.fabric.WorldEditGenListener;4;0;22;0
com.sk89q.worldedit.fabric.internal.ExtendedChunk;N/A;N/A;N/A;N/A
com.sk89q.worldedit.fabric.internal.ExtendedMinecraftServer;N/A;N/A;N/A;N/A
com.sk89q.worldedit.fabric.internal.FabricEntity;6;1;29;0
com.sk89q.worldedit.fabric.internal.FabricServerLevelDelegateProxy;7;2;23;0
com.sk89q.worldedit.fabric.internal.FabricTransmogrifier;5;1;19;0
com.sk89q.worldedit.fabric.internal.FabricWorldNativeAccess;15;4;50;2
com.sk89q.worldedit.fabric.internal.MixinConfigPlugin;7;1;27;0
com.sk89q.worldedit.fabric.internal.NBTConverter;27;0;41;0
com.sk89q.worldedit.fabric.internal.PropertyAdapter;3;2;22;2
com.sk89q.worldedit.fabric.mixin.MixinLevelChunkSetBlockHook;2;21;116;0
com.sk89q.worldedit.fabric.mixin.MixinMinecraftServer;2;2;17;0
com.sk89q.worldedit.fabric.mixin.MixinServerGamePacketListenerImpl;2;2;15;0
com.sk89q.worldedit.fabric.net.handler.WECUIPacketHandler;1;1;15;0
com.sk89q.worldedit.fabric.net.handler.WECUIPacketHandler.CuiPacket;2;23;0;0
com.sk89q.worldedit.function.CombinedRegionFunction;3;1;20;0
com.sk89q.worldedit.function.Contextual;N/A;N/A;N/A;N/A
com.sk89q.worldedit.function.EditContext;8;4;21;0
com.sk89q.worldedit.function.EntityFunction;N/A;N/A;N/A;N/A
com.sk89q.worldedit.function.FlatRegionFunction;N/A;N/A;N/A;N/A
com.sk89q.worldedit.function.FlatRegionMaskingFilter;1;2;16;0
com.sk89q.worldedit.function.GroundFunction;5;3;21;0
com.sk89q.worldedit.function.ItemUseFunction;1;3;17;0
com.sk89q.worldedit.function.LayerFunction;N/A;N/A;N/A;N/A
com.sk89q.worldedit.function.RegionFunction;N/A;N/A;N/A;N/A
com.sk89q.worldedit.function.RegionMaskingFilter;1;2;16;0
com.sk89q.worldedit.function.biome.BiomeReplace;2;2;19;0
com.sk89q.worldedit.function.biome.ExtentBiomeCopy;2;5;19;0
com.sk89q.worldedit.function.block.ApplySideEffect;1;2;16;0
com.sk89q.worldedit.function.block.BlockDistributionCounter;2;4;17;0
com.sk89q.worldedit.function.block.BlockReplace;1;2;16;0
com.sk89q.worldedit.function.block.Counter;2;1;16;0
com.sk89q.worldedit.function.block.ExtentBlockCopy;2;5;17;0
com.sk89q.worldedit.function.block.Naturalizer;5;3;21;0
com.sk89q.worldedit.function.block.SnowSimulator;3;9;19;0
com.sk89q.worldedit.function.entity.ExtentEntityCopy;5;5;20;0
com.sk89q.worldedit.function.entity.ExtentEntityCopy.FacingTagData;2;22;0;0
com.sk89q.worldedit.function.factory.Apply;1;2;18;1
com.sk89q.worldedit.function.factory.ApplyLayer;1;2;18;1
com.sk89q.worldedit.function.factory.ApplyRegion;1;2;18;1
com.sk89q.worldedit.function.factory.BiomeFactory;1;1;17;1
com.sk89q.worldedit.function.factory.Deform;9;5;28;1
com.sk89q.worldedit.function.factory.Deform.DeformOperation;7;37;1;0
com.sk89q.worldedit.function.factory.Deform.Mode;N/A;N/A;N/A;N/A
com.sk89q.worldedit.function.factory.Paint;1;4;18;1
com.sk89q.worldedit.function.factory.Snow;1;1;17;1
com.sk89q.worldedit.function.generator.FeatureGenerator;1;2;16;0
com.sk89q.worldedit.function.generator.FloraGenerator;5;4;20;0
com.sk89q.worldedit.function.generator.ForestGenerator;1;2;16;0
com.sk89q.worldedit.function.generator.GardenPatchGenerator;8;5;23;0
com.sk89q.worldedit.function.mask.AbstractExtentMask;2;1;18;0
com.sk89q.worldedit.function.mask.AbstractMask;0;0;15;0
com.sk89q.worldedit.function.mask.AbstractMask2D;0;0;14;0
com.sk89q.worldedit.function.mask.BiomeMask;4;2;21;0
com.sk89q.worldedit.function.mask.BiomeMask2D;4;2;20;0
com.sk89q.worldedit.function.mask.BlockCategoryMask;1;2;20;0
com.sk89q.worldedit.function.mask.BlockMask;4;2;24;0
com.sk89q.worldedit.function.mask.BlockStateMask;1;4;21;1
com.sk89q.worldedit.function.mask.BlockTypeMask;4;2;24;0
com.sk89q.worldedit.function.mask.BoundedHeightMask;1;2;17;0
com.sk89q.worldedit.function.mask.ExistingBlockMask;1;1;20;0
com.sk89q.worldedit.function.mask.ExpressionMask;1;2;20;1
com.sk89q.worldedit.function.mask.ExpressionMask2D;1;2;18;0
com.sk89q.worldedit.function.mask.Mask;N/A;N/A;N/A;N/A
com.sk89q.worldedit.function.mask.Mask2D;N/A;N/A;N/A;N/A
com.sk89q.worldedit.function.mask.MaskIntersection;4;1;22;1
com.sk89q.worldedit.function.mask.MaskIntersection2D;4;1;20;0
com.sk89q.worldedit.function.mask.MaskMemoizer;3;2;21;1
com.sk89q.worldedit.function.mask.MaskMemoizer2D;3;2;19;0
com.sk89q.worldedit.function.mask.MaskUnion;0;1;26;2
com.sk89q.worldedit.function.mask.MaskUnion2D;0;1;23;1
com.sk89q.worldedit.function.mask.Masks;7;2;21;0
com.sk89q.worldedit.function.mask.Masks.AlwaysFalse;0;19;1;0
com.sk89q.worldedit.function.mask.Masks.AlwaysTrue;0;19;1;0
com.sk89q.worldedit.function.mask.Masks.NegatedMask;1;24;1;0
com.sk89q.worldedit.function.mask.Masks.NegatedMask2D;1;22;0;0
com.sk89q.worldedit.function.mask.NoiseFilter;5;2;22;1
com.sk89q.worldedit.function.mask.NoiseFilter2D;5;2;20;0
com.sk89q.worldedit.function.mask.OffsetMask;5;2;22;1
com.sk89q.worldedit.function.mask.OffsetMask2D;5;2;20;0
com.sk89q.worldedit.function.mask.OffsetsMask;8;6;25;1
com.sk89q.worldedit.function.mask.OffsetsMask.Builder;5;25;0;0
com.sk89q.worldedit.function.mask.OffsetsMask2D;8;6;23;0
com.sk89q.worldedit.function.mask.OffsetsMask2D.Builder;5;25;0;0
com.sk89q.worldedit.function.mask.RegionMask;3;1;19;0
com.sk89q.worldedit.function.mask.SolidBlockMask;1;1;20;0
com.sk89q.worldedit.function.mask.SplatterMask;1;4;18;1
com.sk89q.worldedit.function.mask.SplatterMask2D;1;3;16;0
com.sk89q.worldedit.function.operation.ChangeSetExecutor;4;4;22;0
com.sk89q.worldedit.function.operation.ChangeSetExecutor.Type;N/A;N/A;N/A;N/A
com.sk89q.worldedit.function.operation.DelegateOperation;2;3;21;1
com.sk89q.worldedit.function.operation.ForwardExtentCopy;17;20;37;1
com.sk89q.worldedit.function.operation.Operation;N/A;N/A;N/A;N/A
com.sk89q.worldedit.function.operation.OperationQueue;3;4;24;1
com.sk89q.worldedit.function.operation.Operations;3;0;17;0
com.sk89q.worldedit.function.operation.RunContext;1;0;14;0
com.sk89q.worldedit.function.operation.SetBlockMap;2;3;20;0
com.sk89q.worldedit.function.operation.SetLocatedBlocks;2;3;20;0
com.sk89q.worldedit.function.pattern.AbstractExtentPattern;1;1;18;0
com.sk89q.worldedit.function.pattern.AbstractPattern;0;0;15;0
com.sk89q.worldedit.function.pattern.BiomePattern;N/A;N/A;N/A;N/A
com.sk89q.worldedit.function.pattern.BlockPattern;2;1;19;1
com.sk89q.worldedit.function.pattern.ClipboardPattern;0;4;26;0
com.sk89q.worldedit.function.pattern.ExtentBufferedCompositePattern;0;2;20;1
com.sk89q.worldedit.function.pattern.ExtentPattern;N/A;N/A;N/A;N/A
com.sk89q.worldedit.function.pattern.Pattern;N/A;N/A;N/A;N/A
com.sk89q.worldedit.function.pattern.RandomPattern;1;3;17;1
com.sk89q.worldedit.function.pattern.RandomPattern.Chance;2;22;0;0
com.sk89q.worldedit.function.pattern.RandomStatePattern;0;2;17;1
com.sk89q.worldedit.function.pattern.RepeatingExtentPattern;4;4;24;1
com.sk89q.worldedit.function.pattern.StateApplyingPattern;0;3;20;1
com.sk89q.worldedit.function.pattern.TypeApplyingPattern;0;2;20;1
com.sk89q.worldedit.function.pattern.WaterloggedRemover;0;1;20;1
com.sk89q.worldedit.function.util.FlatRegionOffset;3;2;18;0
com.sk89q.worldedit.function.util.RegionOffset;3;2;18;0
com.sk89q.worldedit.function.visitor.BreadthFirstSearch;8;6;28;1
com.sk89q.worldedit.function.visitor.DownwardVisitor;0;8;32;1
com.sk89q.worldedit.function.visitor.EntityVisitor;3;4;22;1
com.sk89q.worldedit.function.visitor.FlatRegionVisitor;3;4;22;1
com.sk89q.worldedit.function.visitor.LayerVisitor;4;6;22;0
com.sk89q.worldedit.function.visitor.NonRisingVisitor;0;7;31;0
com.sk89q.worldedit.function.visitor.RecursiveVisitor;1;7;30;0
com.sk89q.worldedit.function.visitor.RegionVisitor;3;4;22;1
com.sk89q.worldedit.history.UndoContext;2;1;15;0
com.sk89q.worldedit.history.change.BiomeChange;5;3;21;0
com.sk89q.worldedit.history.change.BiomeChange3D;8;3;28;0
com.sk89q.worldedit.history.change.BlockChange;8;3;29;0
com.sk89q.worldedit.history.change.Change;N/A;N/A;N/A;N/A
com.sk89q.worldedit.history.change.EntityCreate;2;3;18;0
com.sk89q.worldedit.history.change.EntityRemove;2;3;18;0
com.sk89q.worldedit.history.changeset.ArrayListHistory;6;2;25;0
com.sk89q.worldedit.history.changeset.BlockOptimizedHistory;1;4;30;4
com.sk89q.worldedit.history.changeset.ChangeSet;N/A;N/A;N/A;N/A
com.sk89q.worldedit.internal.Constants;0;11;14;0
com.sk89q.worldedit.internal.SchematicsEventListener;1;1;14;0
com.sk89q.worldedit.internal.annotation.Chunk3d;N/A;N/A;N/A;N/A
com.sk89q.worldedit.internal.annotation.ClipboardMask;N/A;N/A;N/A;N/A
com.sk89q.worldedit.internal.annotation.Direction;N/A;N/A;N/A;N/A
com.sk89q.worldedit.internal.annotation.MultiDirection;N/A;N/A;N/A;N/A
com.sk89q.worldedit.internal.annotation.Offset;N/A;N/A;N/A;N/A
com.sk89q.worldedit.internal.annotation.OptionalArg;N/A;N/A;N/A;N/A
com.sk89q.worldedit.internal.annotation.Radii;N/A;N/A;N/A;N/A
com.sk89q.worldedit.internal.annotation.Selection;N/A;N/A;N/A;N/A
com.sk89q.worldedit.internal.annotation.VertHeight;N/A;N/A;N/A;N/A
com.sk89q.worldedit.internal.anvil.ChunkDeleter;13;10;27;0
com.sk89q.worldedit.internal.anvil.ChunkDeleter.BlockVector2Adapter;0;25;0;0
com.sk89q.worldedit.internal.anvil.ChunkDeleter.RegionFilePos;2;23;3;0
com.sk89q.worldedit.internal.anvil.ChunkDeletionInfo;0;1;13;0
com.sk89q.worldedit.internal.anvil.ChunkDeletionInfo.ChunkBatch;6;20;0;6
com.sk89q.worldedit.internal.anvil.ChunkDeletionInfo.DeletionPredicate;3;16;0;3
com.sk89q.worldedit.internal.anvil.RegionAccess;6;3;22;0
com.sk89q.worldedit.internal.block.BlockStateIdAccess;8;5;22;0
com.sk89q.worldedit.internal.block.BlockStateIdAccess.BlockStateInternalId;N/A;N/A;N/A;N/A
com.sk89q.worldedit.internal.command.CommandArgParser;6;5;20;0
com.sk89q.worldedit.internal.command.CommandArgParser.State;N/A;N/A;N/A;N/A
com.sk89q.worldedit.internal.command.CommandLoggingHandler;1;2;20;1
com.sk89q.worldedit.internal.command.CommandRegistrationHandler;1;2;15;0
com.sk89q.worldedit.internal.command.CommandUtil;20;2;34;0
com.sk89q.worldedit.internal.command.CommandUtil.NewCommandGenerator;N/A;N/A;N/A;N/A
com.sk89q.worldedit.internal.command.CommandUtil.ReplacementMessageGenerator;N/A;N/A;N/A;N/A
com.sk89q.worldedit.internal.command.exception.ExceptionConverter;N/A;N/A;N/A;N/A
com.sk89q.worldedit.internal.command.exception.ExceptionConverterHelper;1;1;16;0
com.sk89q.worldedit.internal.command.exception.ExceptionConverterHelper.ExceptionHandler;2;24;0;0
com.sk89q.worldedit.internal.command.exception.ExceptionMatch;N/A;N/A;N/A;N/A
com.sk89q.worldedit.internal.command.exception.WorldEditExceptionConverter;23;3;40;0
com.sk89q.worldedit.internal.cui.CUIEvent;N/A;N/A;N/A;N/A
com.sk89q.worldedit.internal.cui.CUIRegion;N/A;N/A;N/A;N/A
com.sk89q.worldedit.internal.cui.SelectionCylinderEvent;2;2;18;0
com.sk89q.worldedit.internal.cui.SelectionEllipsoidPointEvent;2;2;18;0
com.sk89q.worldedit.internal.cui.SelectionMinMaxEvent;2;2;18;0
com.sk89q.worldedit.internal.cui.SelectionPoint2DEvent;2;4;21;0
com.sk89q.worldedit.internal.cui.SelectionPointEvent;2;3;19;0
com.sk89q.worldedit.internal.cui.SelectionPolygonEvent;2;1;18;0
com.sk89q.worldedit.internal.cui.SelectionShapeEvent;2;1;18;0
com.sk89q.worldedit.internal.cui.ServerCUIHandler;2;1;16;0
com.sk89q.worldedit.internal.event.InteractionDebouncer;3;2;17;0
com.sk89q.worldedit.internal.event.InteractionDebouncer.Interaction;2;22;0;0
com.sk89q.worldedit.internal.expression.CompiledExpression;N/A;N/A;N/A;N/A
com.sk89q.worldedit.internal.expression.EvaluationException;1;17;60;0
com.sk89q.worldedit.internal.expression.ExecutionData;4;4;22;0
com.sk89q.worldedit.internal.expression.Expression;8;6;23;1
com.sk89q.worldedit.internal.expression.ExpressionEnvironment;N/A;N/A;N/A;N/A
com.sk89q.worldedit.internal.expression.ExpressionException;1;17;55;0
com.sk89q.worldedit.internal.expression.ExpressionFunction;N/A;N/A;N/A;N/A
com.sk89q.worldedit.internal.expression.ExpressionHelper;11;1;25;0
com.sk89q.worldedit.internal.expression.ExpressionTimeoutException;0;17;61;0
com.sk89q.worldedit.internal.expression.ExpressionValidator;1;2;239;4
com.sk89q.worldedit.internal.expression.Functions;28;8;42;0
com.sk89q.worldedit.internal.expression.Identifiable;N/A;N/A;N/A;N/A
com.sk89q.worldedit.internal.expression.LexerErrorListener;0;0;23;1
com.sk89q.worldedit.internal.expression.LexerException;1;17;60;0
com.sk89q.worldedit.internal.expression.LocalSlot;N/A;N/A;N/A;N/A
com.sk89q.worldedit.internal.expression.LocalSlot.Constant;1;22;1;0
com.sk89q.worldedit.internal.expression.LocalSlot.Variable;1;19;1;0
com.sk89q.worldedit.internal.expression.ParserErrorListener;0;0;23;1
com.sk89q.worldedit.internal.expression.ParserException;1;17;60;0
com.sk89q.worldedit.internal.expression.SlotTable;7;1;20;0
com.sk89q.worldedit.internal.expression.invoke.BreakException;0;19;51;0
com.sk89q.worldedit.internal.expression.invoke.CompilingVisitor;13;6;177;32
com.sk89q.worldedit.internal.expression.invoke.ExecNode;2;2;20;0
com.sk89q.worldedit.internal.expression.invoke.ExpressionCompiler;1;3;14;0
com.sk89q.worldedit.internal.expression.invoke.ExpressionHandles;28;15;42;0
com.sk89q.worldedit.internal.expression.invoke.ExpressionHandles.Invokable;N/A;N/A;N/A;N/A
com.sk89q.worldedit.internal.expression.invoke.ReturnException;1;17;52;0
com.sk89q.worldedit.internal.helper.MCDirections;8;0;22;0
com.sk89q.worldedit.internal.registry.AbstractFactory;5;2;19;0
com.sk89q.worldedit.internal.registry.InputParser;2;1;17;0
com.sk89q.worldedit.internal.registry.SimpleInputParser;2;1;23;1
com.sk89q.worldedit.internal.util.ClipboardTransformBaker;3;2;17;0
com.sk89q.worldedit.internal.util.DeprecationUtil;5;0;19;0
com.sk89q.worldedit.internal.util.ErrorReporting;1;0;15;0
com.sk89q.worldedit.internal.util.InfoEntryPoint;3;2;16;0
com.sk89q.worldedit.internal.util.InfoEntryPoint.NavigableEditorPane;251;970;0;0
com.sk89q.worldedit.internal.util.LogManagerCompat;2;0;16;0
com.sk89q.worldedit.internal.util.NonAbstractForCompatibility;N/A;N/A;N/A;N/A
com.sk89q.worldedit.internal.util.RegionOptimizedVectorSorter;6;19;20;0
com.sk89q.worldedit.internal.util.Substring;6;3;23;3
com.sk89q.worldedit.internal.util.VarIntIterator;3;4;26;0
com.sk89q.worldedit.internal.wna.WorldNativeAccess;N/A;N/A;N/A;N/A
com.sk89q.worldedit.math.BitMath;6;0;20;0
com.sk89q.worldedit.math.BlockVector2;46;7;64;0
com.sk89q.worldedit.math.BlockVector3;59;16;77;0
com.sk89q.worldedit.math.BlockVector3.YzxOrderComparator;1;14;0;0
com.sk89q.worldedit.math.MathUtils;4;1;18;0
com.sk89q.worldedit.math.RegionOptimizedChunkComparator;0;2;14;0
com.sk89q.worldedit.math.RegionOptimizedComparator;0;1;14;0
com.sk89q.worldedit.math.Vector2;42;6;60;0
com.sk89q.worldedit.math.Vector3;50;8;68;0
com.sk89q.worldedit.math.Vector3.YzxOrderComparator;1;14;0;0
com.sk89q.worldedit.math.convolution.GaussianKernel;1;5;21;0
com.sk89q.worldedit.math.convolution.HeightMap;2;5;16;0
com.sk89q.worldedit.math.convolution.HeightMapFilter;6;1;21;0
com.sk89q.worldedit.math.convolution.Kernel;5;5;19;0
com.sk89q.worldedit.math.convolution.LinearKernel;1;5;21;0
com.sk89q.worldedit.math.convolution.SnowHeightMap;3;6;17;0
com.sk89q.worldedit.math.geom.Polygons;1;0;15;0
com.sk89q.worldedit.math.interpolation.Interpolation;N/A;N/A;N/A;N/A
com.sk89q.worldedit.math.interpolation.KochanekBartelsInterpolation;11;6;30;0
com.sk89q.worldedit.math.interpolation.LinearInterpolation;7;1;25;0
com.sk89q.worldedit.math.interpolation.Node;8;4;24;0
com.sk89q.worldedit.math.interpolation.ReparametrisingInterpolation;8;4;27;0
com.sk89q.worldedit.math.noise.JLibNoiseGenerator;4;2;23;0
com.sk89q.worldedit.math.noise.NoiseGenerator;N/A;N/A;N/A;N/A
com.sk89q.worldedit.math.noise.PerlinNoise;11;2;34;0
com.sk89q.worldedit.math.noise.RandomNoise;2;1;19;0
com.sk89q.worldedit.math.noise.RidgedMultiFractalNoise;9;2;32;0
com.sk89q.worldedit.math.noise.VoronoiNoise;5;2;28;0
com.sk89q.worldedit.math.transform.AffineTransform;34;12;59;1
com.sk89q.worldedit.math.transform.CombinedTransform;4;1;23;0
com.sk89q.worldedit.math.transform.Identity;4;0;21;0
com.sk89q.worldedit.math.transform.Transform;N/A;N/A;N/A;N/A
com.sk89q.worldedit.math.transform.Transforms;1;0;15;0
com.sk89q.worldedit.neoforge.CommandWrapper;3;1;17;0
com.sk89q.worldedit.neoforge.NeoForgeAdapter;22;1;36;0
com.sk89q.worldedit.neoforge.NeoForgeBiomeRegistry;2;0;17;0
com.sk89q.worldedit.neoforge.NeoForgeBiomeRegistry.ForgeBiomeData;1;17;0;0
com.sk89q.worldedit.neoforge.NeoForgeBlockCategoryRegistry;1;0;16;0
com.sk89q.worldedit.neoforge.NeoForgeBlockCommandSender;15;4;66;0
com.sk89q.worldedit.neoforge.NeoForgeBlockMaterial;0;3;63;10
com.sk89q.worldedit.neoforge.NeoForgeBlockRegistry;0;1;27;4
com.sk89q.worldedit.neoforge.NeoForgeCommandSender;15;2;56;0
com.sk89q.worldedit.neoforge.NeoForgeConfiguration;0;51;33;2
com.sk89q.worldedit.neoforge.NeoForgeDataFixer;27;9;43;0
com.sk89q.worldedit.neoforge.NeoForgeDataFixer.DataConverter;N/A;N/A;N/A;N/A
com.sk89q.worldedit.neoforge.NeoForgeDataFixer.DataConverterArmorStand;0;18;0;0
com.sk89q.worldedit.neoforge.NeoForgeDataFixer.DataConverterBanner;0;18;0;0
com.sk89q.worldedit.neoforge.NeoForgeDataFixer.DataConverterBedBlock;1;19;0;0
com.sk89q.worldedit.neoforge.NeoForgeDataFixer.DataConverterBedItem;0;18;0;0
com.sk89q.worldedit.neoforge.NeoForgeDataFixer.DataConverterBook;0;18;0;0
com.sk89q.worldedit.neoforge.NeoForgeDataFixer.DataConverterCookedFish;1;19;0;0
com.sk89q.worldedit.neoforge.NeoForgeDataFixer.DataConverterDropChances;0;18;0;0
com.sk89q.worldedit.neoforge.NeoForgeDataFixer.DataConverterEntity;1;19;0;0
com.sk89q.worldedit.neoforge.NeoForgeDataFixer.DataConverterEquipment;0;18;0;0
com.sk89q.worldedit.neoforge.NeoForgeDataFixer.DataConverterGuardian;0;18;0;0
com.sk89q.worldedit.neoforge.NeoForgeDataFixer.DataConverterHanging;0;18;0;0
com.sk89q.worldedit.neoforge.NeoForgeDataFixer.DataConverterHealth;1;19;0;0
com.sk89q.worldedit.neoforge.NeoForgeDataFixer.DataConverterHorse;0;18;0;0
com.sk89q.worldedit.neoforge.NeoForgeDataFixer.DataConverterLang;0;18;0;0
com.sk89q.worldedit.neoforge.NeoForgeDataFixer.DataConverterMaterialId;1;19;0;0
com.sk89q.worldedit.neoforge.NeoForgeDataFixer.DataConverterMinecart;1;19;0;0
com.sk89q.worldedit.neoforge.NeoForgeDataFixer.DataConverterMobSpawner;0;18;0;0
com.sk89q.worldedit.neoforge.NeoForgeDataFixer.DataConverterPotionId;1;19;0;0
com.sk89q.worldedit.neoforge.NeoForgeDataFixer.DataConverterPotionWater;0;18;0;0
com.sk89q.worldedit.neoforge.NeoForgeDataFixer.DataConverterRiding;0;20;0;0
com.sk89q.worldedit.neoforge.NeoForgeDataFixer.DataConverterSaddle;0;18;0;0
com.sk89q.worldedit.neoforge.NeoForgeDataFixer.DataConverterShulker;0;18;0;0
com.sk89q.worldedit.neoforge.NeoForgeDataFixer.DataConverterShulkerBoxBlock;0;18;0;0
com.sk89q.worldedit.neoforge.NeoForgeDataFixer.DataConverterShulkerBoxItem;1;19;0;0
com.sk89q.worldedit.neoforge.NeoForgeDataFixer.DataConverterSignText;1;20;0;0
com.sk89q.worldedit.neoforge.NeoForgeDataFixer.DataConverterSkeleton;0;18;0;0
com.sk89q.worldedit.neoforge.NeoForgeDataFixer.DataConverterSpawnEgg;1;19;0;0
com.sk89q.worldedit.neoforge.NeoForgeDataFixer.DataConverterTileEntity;1;19;0;0
com.sk89q.worldedit.neoforge.NeoForgeDataFixer.DataConverterTotem;0;18;0;0
com.sk89q.worldedit.neoforge.NeoForgeDataFixer.DataConverterUUID;0;18;0;0
com.sk89q.worldedit.neoforge.NeoForgeDataFixer.DataConverterVBO;0;18;0;0
com.sk89q.worldedit.neoforge.NeoForgeDataFixer.DataConverterZombie;1;20;0;0
com.sk89q.worldedit.neoforge.NeoForgeDataFixer.DataConverterZombieType;0;18;0;0
com.sk89q.worldedit.neoforge.NeoForgeDataFixer.DataInspector;N/A;N/A;N/A;N/A
com.sk89q.worldedit.neoforge.NeoForgeDataFixer.DataInspectorBlockEntity;2;19;0;0
com.sk89q.worldedit.neoforge.NeoForgeDataFixer.DataInspectorChunks;0;15;0;0
com.sk89q.worldedit.neoforge.NeoForgeDataFixer.DataInspectorCommandBlock;1;16;0;0
com.sk89q.worldedit.neoforge.NeoForgeDataFixer.DataInspectorEntity;1;17;0;0
com.sk89q.worldedit.neoforge.NeoForgeDataFixer.DataInspectorEntityPassengers;0;15;0;0
com.sk89q.worldedit.neoforge.NeoForgeDataFixer.DataInspectorItem;2;21;0;0
com.sk89q.worldedit.neoforge.NeoForgeDataFixer.DataInspectorItemList;2;21;0;0
com.sk89q.worldedit.neoforge.NeoForgeDataFixer.DataInspectorLevelPlayer;0;15;0;0
com.sk89q.worldedit.neoforge.NeoForgeDataFixer.DataInspectorMobSpawnerMinecart;2;17;0;0
com.sk89q.worldedit.neoforge.NeoForgeDataFixer.DataInspectorMobSpawnerMobs;1;16;0;0
com.sk89q.worldedit.neoforge.NeoForgeDataFixer.DataInspectorPlayer;0;15;0;0
com.sk89q.worldedit.neoforge.NeoForgeDataFixer.DataInspectorPlayerVehicle;0;15;0;0
com.sk89q.worldedit.neoforge.NeoForgeDataFixer.DataInspectorStructure;0;15;0;0
com.sk89q.worldedit.neoforge.NeoForgeDataFixer.DataInspectorTagged;1;18;0;0
com.sk89q.worldedit.neoforge.NeoForgeDataFixer.DataInspectorVillagers;1;16;0;0
com.sk89q.worldedit.neoforge.NeoForgeDataFixer.LegacyType;N/A;N/A;N/A;N/A
com.sk89q.worldedit.neoforge.NeoForgeDataFixer.WrappedDataFixer;1;20;0;0
com.sk89q.worldedit.neoforge.NeoForgeEntityProperties;20;1;54;0
com.sk89q.worldedit.neoforge.NeoForgeItemCategoryRegistry;1;0;16;0
com.sk89q.worldedit.neoforge.NeoForgeItemRegistry;0;0;23;2
com.sk89q.worldedit.neoforge.NeoForgePermissionsProvider;N/A;N/A;N/A;N/A
com.sk89q.worldedit.neoforge.NeoForgePermissionsProvider.VanillaPermissionsProvider;1;19;0;0
com.sk89q.worldedit.neoforge.NeoForgePlatform;15;10;70;8
com.sk89q.worldedit.neoforge.NeoForgePlayer;21;1;148;5
com.sk89q.worldedit.neoforge.NeoForgePlayer.SessionKeyImpl;2;24;0;0
com.sk89q.worldedit.neoforge.NeoForgeRegistries;1;14;34;5
com.sk89q.worldedit.neoforge.NeoForgeResourceLoader;1;1;21;1
com.sk89q.worldedit.neoforge.NeoForgeWatchdog;1;1;16;0
com.sk89q.worldedit.neoforge.NeoForgeWorld;22;6;130;23
com.sk89q.worldedit.neoforge.NeoForgeWorldEdit;23;10;37;0
com.sk89q.worldedit.neoforge.ThreadSafeCache;3;4;16;0
com.sk89q.worldedit.neoforge.WorldEditFakePlayer;0;359;1278;5
com.sk89q.worldedit.neoforge.WorldEditGenListener;4;0;22;0
com.sk89q.worldedit.neoforge.internal.ExtendedChunk;N/A;N/A;N/A;N/A
com.sk89q.worldedit.neoforge.internal.IPropertyAdapter;3;2;22;2
com.sk89q.worldedit.neoforge.internal.NBTConverter;27;0;41;0
com.sk89q.worldedit.neoforge.internal.NeoForgeEntity;6;1;29;0
com.sk89q.worldedit.neoforge.internal.NeoForgeServerLevelDelegateProxy;7;2;23;0
com.sk89q.worldedit.neoforge.internal.NeoForgeTransmogrifier;5;1;19;0
com.sk89q.worldedit.neoforge.internal.NeoForgeWorldNativeAccess;15;4;50;2
com.sk89q.worldedit.neoforge.mixin.AccessorServerPlayerGameMode;N/A;N/A;N/A;N/A
com.sk89q.worldedit.neoforge.mixin.MixinLevelChunkSetBlockHook;2;22;142;0
com.sk89q.worldedit.neoforge.mixin.MixinServerGamePacketListenerImpl;2;2;15;0
com.sk89q.worldedit.neoforge.net.handler.WECUIPacketHandler;1;2;15;0
com.sk89q.worldedit.neoforge.net.handler.WECUIPacketHandler.CuiPacket;2;23;0;0
com.sk89q.worldedit.regions.AbstractFlatRegion;2;1;57;0
com.sk89q.worldedit.regions.AbstractRegion;13;1;51;2
com.sk89q.worldedit.regions.ConvexPolyhedralRegion;12;8;68;3
com.sk89q.worldedit.regions.CuboidRegion;17;3;80;7
com.sk89q.worldedit.regions.CylinderRegion;18;7;87;10
com.sk89q.worldedit.regions.EllipsoidRegion;11;4;74;9
com.sk89q.worldedit.regions.FlatRegion;N/A;N/A;N/A;N/A
com.sk89q.worldedit.regions.NullRegion;16;1;53;2
com.sk89q.worldedit.regions.Polygonal2DRegion;17;7;84;9
com.sk89q.worldedit.regions.Region;N/A;N/A;N/A;N/A
com.sk89q.worldedit.regions.RegionIntersection;5;2;61;1
com.sk89q.worldedit.regions.RegionOperationException;0;16;54;0
com.sk89q.worldedit.regions.RegionSelector;N/A;N/A;N/A;N/A
com.sk89q.worldedit.regions.Regions;5;0;19;0
com.sk89q.worldedit.regions.TransformRegion;8;3;69;8
com.sk89q.worldedit.regions.factory.CuboidRegionFactory;1;0;15;0
com.sk89q.worldedit.regions.factory.CylinderRegionFactory;1;1;16;0
com.sk89q.worldedit.regions.factory.FixedHeightCuboidRegionFactory;1;2;16;0
com.sk89q.worldedit.regions.factory.FixedHeightCylinderRegionFactory;1;2;16;0
com.sk89q.worldedit.regions.factory.RegionFactory;N/A;N/A;N/A;N/A
com.sk89q.worldedit.regions.factory.SphereRegionFactory;1;0;15;0
com.sk89q.worldedit.regions.iterator.FlatRegion3DIterator;2;5;22;1
com.sk89q.worldedit.regions.iterator.FlatRegionIterator;4;7;22;0
com.sk89q.worldedit.regions.iterator.RegionIterator;4;8;23;1
com.sk89q.worldedit.regions.polyhedron.Edge;2;2;19;3
com.sk89q.worldedit.regions.polyhedron.Triangle;5;4;20;1
com.sk89q.worldedit.regions.selector.ConvexPolyhedralRegionSelector;19;2;60;2
com.sk89q.worldedit.regions.selector.CuboidRegionSelector;19;3;61;2
com.sk89q.worldedit.regions.selector.CylinderRegionSelector;19;4;61;2
com.sk89q.worldedit.regions.selector.EllipsoidRegionSelector;19;3;61;2
com.sk89q.worldedit.regions.selector.ExtendingCuboidRegionSelector;0;3;69;4
com.sk89q.worldedit.regions.selector.Polygonal2DRegionSelector;20;2;62;2
com.sk89q.worldedit.regions.selector.RegionSelectorType;N/A;N/A;N/A;N/A
com.sk89q.worldedit.regions.selector.SphereRegionSelector;0;3;68;3
com.sk89q.worldedit.regions.selector.limit.PermissiveSelectorLimits;3;1;19;0
com.sk89q.worldedit.regions.selector.limit.SelectorLimits;N/A;N/A;N/A;N/A
com.sk89q.worldedit.regions.shape.ArbitraryBiomeShape;5;9;20;0
com.sk89q.worldedit.regions.shape.ArbitraryShape;5;9;20;0
com.sk89q.worldedit.regions.shape.RegionShape;1;9;22;0
com.sk89q.worldedit.regions.shape.WorldEditExpressionEnvironment;10;4;30;0
com.sk89q.worldedit.registry.Category;4;4;23;2
com.sk89q.worldedit.registry.Keyed;N/A;N/A;N/A;N/A
com.sk89q.worldedit.registry.NamespacedRegistry;3;6;34;2
com.sk89q.worldedit.registry.Registry;7;3;25;0
com.sk89q.worldedit.registry.state.AbstractProperty;2;2;22;3
com.sk89q.worldedit.registry.state.BooleanProperty;1;2;24;0
com.sk89q.worldedit.registry.state.DirectionalProperty;1;2;24;0
com.sk89q.worldedit.registry.state.EnumProperty;1;2;24;0
com.sk89q.worldedit.registry.state.IntegerProperty;1;2;24;0
com.sk89q.worldedit.registry.state.Property;N/A;N/A;N/A;N/A
com.sk89q.worldedit.scripting.CraftScriptContext;16;7;31;0
com.sk89q.worldedit.scripting.CraftScriptEngine;N/A;N/A;N/A;N/A
com.sk89q.worldedit.scripting.CraftScriptEnvironment;0;5;14;0
com.sk89q.worldedit.scripting.MinecraftHidingClassShutter;1;0;15;0
com.sk89q.worldedit.scripting.RhinoContextFactory;0;8;44;3
com.sk89q.worldedit.scripting.RhinoContextFactory.RhinoContext;78;139;0;0
com.sk89q.worldedit.scripting.RhinoCraftScriptEngine;3;1;19;0
com.sk89q.worldedit.session.ClipboardHolder;4;2;18;0
com.sk89q.worldedit.session.MissingSessionException;0;15;49;0
com.sk89q.worldedit.session.PasteBuilder;7;9;21;0
com.sk89q.worldedit.session.Placement;5;2;23;0
com.sk89q.worldedit.session.PlacementType;N/A;N/A;N/A;N/A
com.sk89q.worldedit.session.SessionKey;N/A;N/A;N/A;N/A
com.sk89q.worldedit.session.SessionManager;15;9;29;0
com.sk89q.worldedit.session.SessionManager.SessionHolder;4;18;0;0
com.sk89q.worldedit.session.SessionManager.SessionTracker;8;23;0;0
com.sk89q.worldedit.session.SessionOwner;N/A;N/A;N/A;N/A
com.sk89q.worldedit.session.TransientSessionException;0;15;49;0
com.sk89q.worldedit.session.request.Request;10;5;24;0
com.sk89q.worldedit.session.request.RequestExtent;10;1;40;3
com.sk89q.worldedit.session.request.RequestSelection;17;0;54;2
com.sk89q.worldedit.session.storage.JsonFileSessionStore;3;3;20;0
com.sk89q.worldedit.session.storage.SessionStore;N/A;N/A;N/A;N/A
com.sk89q.worldedit.session.storage.VoidStore;2;0;17;0
com.sk89q.worldedit.sponge.CUIChannelHandler;2;2;16;0
com.sk89q.worldedit.sponge.CUIChannelHandler.RegistrationHandler;0;14;0;0
com.sk89q.worldedit.sponge.CommandAdapter;4;1;28;1
com.sk89q.worldedit.sponge.Constants;0;0;14;0
com.sk89q.worldedit.sponge.Constants.Sponge;1;15;0;0
com.sk89q.worldedit.sponge.SpongeAdapter;18;0;32;0
com.sk89q.worldedit.sponge.SpongeBiomeRegistry;2;0;17;0
com.sk89q.worldedit.sponge.SpongeBiomeRegistry.SpongeBiomeData;1;17;0;0
com.sk89q.worldedit.sponge.SpongeBlockCategoryRegistry;1;0;16;0
com.sk89q.worldedit.sponge.SpongeBlockCommandSender;14;5;65;0
com.sk89q.worldedit.sponge.SpongeBlockMaterial;0;3;63;10
com.sk89q.worldedit.sponge.SpongeBlockRegistry;0;1;27;4
com.sk89q.worldedit.sponge.SpongeCommandSender;17;2;53;0
com.sk89q.worldedit.sponge.SpongeEntity;6;1;29;0
com.sk89q.worldedit.sponge.SpongeEntityProperties;20;1;54;0
com.sk89q.worldedit.sponge.SpongeItemCategoryRegistry;1;0;16;0
com.sk89q.worldedit.sponge.SpongeItemRegistry;0;0;23;2
com.sk89q.worldedit.sponge.SpongePermissionsProvider;3;0;16;0
com.sk89q.worldedit.sponge.SpongePlatform;15;6;67;5
com.sk89q.worldedit.sponge.SpongePlayer;21;2;151;8
com.sk89q.worldedit.sponge.SpongePlayer.SessionKeyImpl;2;25;0;0
com.sk89q.worldedit.sponge.SpongeRegistries;1;14;34;5
com.sk89q.worldedit.sponge.SpongeTextAdapter;2;0;16;0
com.sk89q.worldedit.sponge.SpongeWorld;16;6;115;14
com.sk89q.worldedit.sponge.SpongeWorldEdit;24;10;38;0
com.sk89q.worldedit.sponge.ThreadSafeCache;3;2;17;0
com.sk89q.worldedit.sponge.config.ConfigurateConfiguration;1;49;22;0
com.sk89q.worldedit.sponge.config.SpongeConfiguration;0;51;25;2
com.sk89q.worldedit.sponge.internal.ExtendedChunk;N/A;N/A;N/A;N/A
com.sk89q.worldedit.sponge.internal.LocaleResolver;1;0;14;0
com.sk89q.worldedit.sponge.internal.NbtAdapter;17;1;30;0
com.sk89q.worldedit.sponge.internal.SpongeTransmogrifier;9;1;23;0
com.sk89q.worldedit.sponge.internal.SpongeWorldNativeAccess;15;4;50;2
com.sk89q.worldedit.util.Countable;7;2;22;0
com.sk89q.worldedit.util.Direction;N/A;N/A;N/A;N/A
com.sk89q.worldedit.util.Direction.Flag;5;19;0;0
com.sk89q.worldedit.util.Enums;1;0;15;0
com.sk89q.worldedit.util.Faceted;N/A;N/A;N/A;N/A
com.sk89q.worldedit.util.FileDialogUtil;2;0;16;0
com.sk89q.worldedit.util.FileDialogUtil.ExtensionFilter;2;21;0;0
com.sk89q.worldedit.util.GuavaUtil;1;0;15;0
com.sk89q.worldedit.util.HandSide;N/A;N/A;N/A;N/A
com.sk89q.worldedit.util.Identifiable;N/A;N/A;N/A;N/A
com.sk89q.worldedit.util.LocatedBlock;4;2;22;0
com.sk89q.worldedit.util.Location;21;4;43;2
com.sk89q.worldedit.util.PropertiesConfiguration;8;49;30;0
com.sk89q.worldedit.util.SideEffect;N/A;N/A;N/A;N/A
com.sk89q.worldedit.util.SideEffect.State;N/A;N/A;N/A;N/A
com.sk89q.worldedit.util.SideEffectSet;10;4;25;0
com.sk89q.worldedit.util.TargetBlock;11;10;26;0
com.sk89q.worldedit.util.TreeGenerator;4;1;18;0
com.sk89q.worldedit.util.TreeGenerator.TreeType;N/A;N/A;N/A;N/A
com.sk89q.worldedit.util.WeightedChoice;2;4;16;0
com.sk89q.worldedit.util.WeightedChoice.Choice;2;18;0;0
com.sk89q.worldedit.util.YAMLConfiguration;2;48;23;0
com.sk89q.worldedit.util.asset.AssetLoadTask;1;2;16;0
com.sk89q.worldedit.util.asset.AssetLoader;1;3;17;0
com.sk89q.worldedit.util.asset.AssetLoaders;7;5;21;0
com.sk89q.worldedit.util.asset.ImageHeightmapLoader;2;3;20;0
com.sk89q.worldedit.util.asset.holder.ImageHeightmap;1;3;15;0
com.sk89q.worldedit.util.auth.AuthorizationException;0;16;58;0
com.sk89q.worldedit.util.auth.Subject;N/A;N/A;N/A;N/A
com.sk89q.worldedit.util.collection.BlockMap;11;16;105;22
com.sk89q.worldedit.util.collection.BlockMap.LazyEntry;4;29;3;0
com.sk89q.worldedit.util.collection.DoubleArrayList;5;3;22;0
com.sk89q.worldedit.util.collection.DoubleArrayList.Entry;2;24;0;0
com.sk89q.worldedit.util.collection.DoubleArrayList.ForwardEntryIterator;2;23;1;0
com.sk89q.worldedit.util.collection.DoubleArrayList.ReverseEntryIterator;2;23;1;0
com.sk89q.worldedit.util.collection.Int2BaseBlockMap;5;5;146;5
com.sk89q.worldedit.util.collection.LocatedBlockList;8;2;26;0
com.sk89q.worldedit.util.collection.LongPositionList;6;1;26;0
com.sk89q.worldedit.util.collection.LongPositionList.PositionIterator;5;33;0;0
com.sk89q.worldedit.util.collection.MoreStreams;5;0;19;0
com.sk89q.worldedit.util.collection.PositionList;N/A;N/A;N/A;N/A
com.sk89q.worldedit.util.collection.VectorPositionList;6;3;26;0
com.sk89q.worldedit.util.concurrency.EvenMoreExecutors;2;0;16;0
com.sk89q.worldedit.util.concurrency.LazyReference;3;1;18;0
com.sk89q.worldedit.util.concurrency.LazyReference.RefInfo;2;16;0;0
com.sk89q.worldedit.util.eventbus.AnnotatedSubscriberFinder;1;0;15;0
com.sk89q.worldedit.util.eventbus.EventBus;8;5;21;0
com.sk89q.worldedit.util.eventbus.EventHandler;3;1;22;1
com.sk89q.worldedit.util.eventbus.EventHandler.Priority;N/A;N/A;N/A;N/A
com.sk89q.worldedit.util.eventbus.HierarchyCache;2;1;15;0
com.sk89q.worldedit.util.eventbus.MethodEventHandler;4;3;27;0
com.sk89q.worldedit.util.eventbus.MethodHandleEventHandler;3;4;26;0
com.sk89q.worldedit.util.eventbus.Subscribe;N/A;N/A;N/A;N/A
com.sk89q.worldedit.util.eventbus.SubscriberFindingStrategy;N/A;N/A;N/A;N/A
com.sk89q.worldedit.util.formatting.WorldEditText;2;2;16;0
com.sk89q.worldedit.util.formatting.component.CodeFormat;1;1;21;0
com.sk89q.worldedit.util.formatting.component.CommandListBox;7;11;45;0
com.sk89q.worldedit.util.formatting.component.CommandListBox.CommandEntry;3;18;0;0
com.sk89q.worldedit.util.formatting.component.CommandUsageBox;1;1;22;0
com.sk89q.worldedit.util.formatting.component.ErrorFormat;1;1;21;0
com.sk89q.worldedit.util.formatting.component.InvalidComponentException;0;16;54;0
com.sk89q.worldedit.util.formatting.component.LabelFormat;1;1;21;0
com.sk89q.worldedit.util.formatting.component.MessageBox;4;4;26;1
com.sk89q.worldedit.util.formatting.component.PaginationBox;6;8;37;1
com.sk89q.worldedit.util.formatting.component.PaginationBox.ListPaginationBox;9;44;0;0
com.sk89q.worldedit.util.formatting.component.SideEffectBox;3;11;41;0
com.sk89q.worldedit.util.formatting.component.SubtleFormat;1;1;21;0
com.sk89q.worldedit.util.formatting.component.TextComponentProducer;6;1;19;0
com.sk89q.worldedit.util.formatting.component.TextUtils;2;0;16;0
com.sk89q.worldedit.util.function.IOFunction;N/A;N/A;N/A;N/A
com.sk89q.worldedit.util.function.IORunnable;N/A;N/A;N/A;N/A
com.sk89q.worldedit.util.function.LevenshteinDistance;2;4;23;0
com.sk89q.worldedit.util.gson.BlockVectorAdapter;1;0;15;0
com.sk89q.worldedit.util.gson.GsonUtil;2;1;16;0
com.sk89q.worldedit.util.gson.VectorAdapter;1;0;15;0
com.sk89q.worldedit.util.io.Closer;8;6;24;0
com.sk89q.worldedit.util.io.Closer.LoggingSuppressor;1;16;0;0
com.sk89q.worldedit.util.io.Closer.SuppressingSuppressor;2;19;0;0
com.sk89q.worldedit.util.io.Closer.Suppressor;N/A;N/A;N/A;N/A
com.sk89q.worldedit.util.io.ForwardSeekableInputStream;2;5;42;8
com.sk89q.worldedit.util.io.ResourceLoader;N/A;N/A;N/A;N/A
com.sk89q.worldedit.util.io.WorldEditResourceLoader;1;1;18;0
com.sk89q.worldedit.util.io.file.ArchiveDir;N/A;N/A;N/A;N/A
com.sk89q.worldedit.util.io.file.ArchiveNioSupport;N/A;N/A;N/A;N/A
com.sk89q.worldedit.util.io.file.ArchiveNioSupports;3;2;17;0
com.sk89q.worldedit.util.io.file.ArchiveUnpacker;1;3;15;0
com.sk89q.worldedit.util.io.file.AttributeTarget;N/A;N/A;N/A;N/A
com.sk89q.worldedit.util.io.file.FileSelectionAbortedException;0;17;59;0
com.sk89q.worldedit.util.io.file.FilenameException;1;17;56;0
com.sk89q.worldedit.util.io.file.FilenameResolutionException;0;17;59;0
com.sk89q.worldedit.util.io.file.InvalidFilenameException;0;17;59;0
com.sk89q.worldedit.util.io.file.MorePaths;4;0;18;0
com.sk89q.worldedit.util.io.file.SafeFiles;7;2;21;0
com.sk89q.worldedit.util.io.file.ZipArchiveNioSupport;2;1;17;0
com.sk89q.worldedit.util.lifecycle.ConstantLifecycled;2;1;23;0
com.sk89q.worldedit.util.lifecycle.FlatMapLifecycled;2;4;24;1
com.sk89q.worldedit.util.lifecycle.Lifecycled;N/A;N/A;N/A;N/A
com.sk89q.worldedit.util.lifecycle.Lifecycled.Events;N/A;N/A;N/A;N/A
com.sk89q.worldedit.util.lifecycle.LifecycledCallbackHandler;4;4;20;0
com.sk89q.worldedit.util.lifecycle.MapLifecycled;3;5;25;1
com.sk89q.worldedit.util.lifecycle.SimpleLifecycled;6;2;27;0
com.sk89q.worldedit.util.lifecycle.Token;0;1;14;0
com.sk89q.worldedit.util.logging.DynamicStreamHandler;2;16;68;12
com.sk89q.worldedit.util.logging.LogFormat;1;3;21;0
com.sk89q.worldedit.util.net.HttpRequest;17;12;33;0
com.sk89q.worldedit.util.net.HttpRequest.BufferedResponse;1;19;0;0
com.sk89q.worldedit.util.net.HttpRequest.Form;4;23;0;1
com.sk89q.worldedit.util.paste.ActorCallbackPaste;3;1;17;0
com.sk89q.worldedit.util.paste.EngineHubPaste;1;1;16;0
com.sk89q.worldedit.util.paste.EngineHubPaste.PasteTask;2;18;0;0
com.sk89q.worldedit.util.paste.EngineHubPaste.SignedPasteResponse;3;16;0;0
com.sk89q.worldedit.util.paste.PasteMetadata;0;3;13;0
com.sk89q.worldedit.util.paste.Paster;N/A;N/A;N/A;N/A
com.sk89q.worldedit.util.paste.Pasters;1;1;15;0
com.sk89q.worldedit.util.report.ConfigReport;0;2;30;0
com.sk89q.worldedit.util.report.DataReport;13;2;29;1
com.sk89q.worldedit.util.report.DataReport.Line;2;22;0;0
com.sk89q.worldedit.util.report.HierarchyObjectReport;0;3;32;0
com.sk89q.worldedit.util.report.Report;N/A;N/A;N/A;N/A
com.sk89q.worldedit.util.report.ReportList;24;2;120;3
com.sk89q.worldedit.util.report.ShallowObjectReport;1;3;31;0
com.sk89q.worldedit.util.report.StackTraceReport;1;1;17;1
com.sk89q.worldedit.util.report.SystemInfoReport;0;2;30;0
com.sk89q.worldedit.util.report.Unreported;N/A;N/A;N/A;N/A
com.sk89q.worldedit.util.task.AbstractTask;4;12;65;0
com.sk89q.worldedit.util.task.FutureForwardingTask;3;13;75;6
com.sk89q.worldedit.util.task.SimpleSupervisor;2;2;17;0
com.sk89q.worldedit.util.task.Supervisor;N/A;N/A;N/A;N/A
com.sk89q.worldedit.util.task.Task;N/A;N/A;N/A;N/A
com.sk89q.worldedit.util.task.Task.State;N/A;N/A;N/A;N/A
com.sk89q.worldedit.util.task.TaskStateComparator;1;0;32;0
com.sk89q.worldedit.util.task.progress.Progress;7;2;23;0
com.sk89q.worldedit.util.task.progress.ProgressIterator;5;3;25;1
com.sk89q.worldedit.util.task.progress.ProgressObservable;N/A;N/A;N/A;N/A
com.sk89q.worldedit.util.time.FileNameDateTimeParser;3;3;18;0
com.sk89q.worldedit.util.time.ModificationDateTimeParser;2;1;17;0
com.sk89q.worldedit.util.time.SnapshotDateTimeParser;N/A;N/A;N/A;N/A
com.sk89q.worldedit.util.translation.TranslationManager;11;14;25;0
com.sk89q.worldedit.world.AbstractWorld;20;2;84;0
com.sk89q.worldedit.world.AbstractWorld.QueuedEffect;3;20;0;0
com.sk89q.worldedit.world.DataException;0;15;47;0
com.sk89q.worldedit.world.DataFixer;N/A;N/A;N/A;N/A
com.sk89q.worldedit.world.DataFixer.FixType;0;14;0;0
com.sk89q.worldedit.world.DataFixer.FixTypes;6;20;0;0
com.sk89q.worldedit.world.NbtValued;N/A;N/A;N/A;N/A
com.sk89q.worldedit.world.NullWorld;15;3;109;9
com.sk89q.worldedit.world.RegenOptions;2;0;18;0
com.sk89q.worldedit.world.RegenOptions.Builder;0;17;0;0
com.sk89q.worldedit.world.World;N/A;N/A;N/A;N/A
com.sk89q.worldedit.world.WorldUnloadedException;0;16;53;0
com.sk89q.worldedit.world.biome.BiomeCategories;1;70;15;0
com.sk89q.worldedit.world.biome.BiomeCategory;0;5;25;0
com.sk89q.worldedit.world.biome.BiomeData;N/A;N/A;N/A;N/A
com.sk89q.worldedit.world.biome.BiomeName;1;1;21;0
com.sk89q.worldedit.world.biome.BiomeType;1;2;25;2
com.sk89q.worldedit.world.biome.BiomeTypes;1;103;15;0
com.sk89q.worldedit.world.biome.Biomes;1;0;15;0
com.sk89q.worldedit.world.block.BaseBlock;8;2;53;7
com.sk89q.worldedit.world.block.BlockCategories;1;189;15;0
com.sk89q.worldedit.world.block.BlockCategory;1;5;25;0
com.sk89q.worldedit.world.block.BlockState;11;7;44;5
com.sk89q.worldedit.world.block.BlockStateHolder;N/A;N/A;N/A;N/A
com.sk89q.worldedit.world.block.BlockType;17;11;38;4
com.sk89q.worldedit.world.block.BlockTypes;1;1064;15;0
com.sk89q.worldedit.world.block.FuzzyBlockState;2;7;49;1
com.sk89q.worldedit.world.block.FuzzyBlockState.Builder;2;20;0;0
com.sk89q.worldedit.world.chunk.AnvilChunk;5;7;21;0
com.sk89q.worldedit.world.chunk.AnvilChunk13;5;5;21;0
com.sk89q.worldedit.world.chunk.AnvilChunk16;0;5;24;1
com.sk89q.worldedit.world.chunk.AnvilChunk18;5;5;21;0
com.sk89q.worldedit.world.chunk.Chunk;N/A;N/A;N/A;N/A
com.sk89q.worldedit.world.chunk.OldChunk;3;6;19;0
com.sk89q.worldedit.world.chunk.PackedIntArrayReader;2;7;16;0
com.sk89q.worldedit.world.entity.EntityType;2;2;23;1
com.sk89q.worldedit.world.entity.EntityTypes;1;131;15;0
com.sk89q.worldedit.world.fluid.FluidCategories;3;2;17;0
com.sk89q.worldedit.world.fluid.FluidCategory;0;5;24;0
com.sk89q.worldedit.world.fluid.FluidType;1;2;22;1
com.sk89q.worldedit.world.fluid.FluidTypes;3;5;17;0
com.sk89q.worldedit.world.gamemode.GameMode;2;2;23;1
com.sk89q.worldedit.world.gamemode.GameModes;3;4;17;0
com.sk89q.worldedit.world.generation.ConfiguredFeatureType;1;2;22;1
com.sk89q.worldedit.world.generation.StructureType;1;2;22;1
com.sk89q.worldedit.world.item.ItemCategories;1;154;15;0
com.sk89q.worldedit.world.item.ItemCategory;1;5;25;0
com.sk89q.worldedit.world.item.ItemType;5;5;25;4
com.sk89q.worldedit.world.item.ItemTypes;1;1341;15;0
com.sk89q.worldedit.world.registry.BiomeRegistry;N/A;N/A;N/A;N/A
com.sk89q.worldedit.world.registry.BlockCategoryRegistry;N/A;N/A;N/A;N/A
com.sk89q.worldedit.world.registry.BlockMaterial;N/A;N/A;N/A;N/A
com.sk89q.worldedit.world.registry.BlockRegistry;N/A;N/A;N/A;N/A
com.sk89q.worldedit.world.registry.BundledBlockData;4;3;18;0
com.sk89q.worldedit.world.registry.BundledBlockData.BlockEntry;3;16;0;1
com.sk89q.worldedit.world.registry.BundledBlockRegistry;4;0;23;1
com.sk89q.worldedit.world.registry.BundledItemData;4;3;18;0
com.sk89q.worldedit.world.registry.BundledItemData.ItemEntry;5;18;0;1
com.sk89q.worldedit.world.registry.BundledItemRegistry;3;0;21;1
com.sk89q.worldedit.world.registry.BundledRegistries;8;8;28;0
com.sk89q.worldedit.world.registry.CategoryRegistry;N/A;N/A;N/A;N/A
com.sk89q.worldedit.world.registry.EntityRegistry;N/A;N/A;N/A;N/A
com.sk89q.worldedit.world.registry.ItemCategoryRegistry;N/A;N/A;N/A;N/A
com.sk89q.worldedit.world.registry.ItemMaterial;N/A;N/A;N/A;N/A
com.sk89q.worldedit.world.registry.ItemRegistry;N/A;N/A;N/A;N/A
com.sk89q.worldedit.world.registry.LegacyMapper;8;7;22;0
com.sk89q.worldedit.world.registry.LegacyMapper.LegacyDataFile;2;15;0;0
com.sk89q.worldedit.world.registry.NullBiomeRegistry;2;0;18;0
com.sk89q.worldedit.world.registry.NullBlockCategoryRegistry;1;0;16;0
com.sk89q.worldedit.world.registry.NullEntityRegistry;1;0;15;0
com.sk89q.worldedit.world.registry.NullItemCategoryRegistry;1;0;16;0
com.sk89q.worldedit.world.registry.PassthroughBlockMaterial;19;2;52;0
com.sk89q.worldedit.world.registry.PassthroughItemMaterial;0;2;20;2
com.sk89q.worldedit.world.registry.Registries;N/A;N/A;N/A;N/A
com.sk89q.worldedit.world.registry.SimpleBlockMaterial;38;19;70;0
com.sk89q.worldedit.world.registry.SimpleItemMaterial;2;2;24;0
com.sk89q.worldedit.world.snapshot.InvalidSnapshotException;0;15;45;0
com.sk89q.worldedit.world.snapshot.ModificationTimerParser;1;0;15;0
com.sk89q.worldedit.world.snapshot.Snapshot;8;4;25;2
com.sk89q.worldedit.world.snapshot.SnapshotDateParser;N/A;N/A;N/A;N/A
com.sk89q.worldedit.world.snapshot.SnapshotRepository;9;2;24;0
com.sk89q.worldedit.world.snapshot.SnapshotRestore;9;6;23;0
com.sk89q.worldedit.world.snapshot.YYMMDDHHIISSParser;1;1;15;0
com.sk89q.worldedit.world.snapshot.experimental.Snapshot;N/A;N/A;N/A;N/A
com.sk89q.worldedit.world.snapshot.experimental.SnapshotComparator;1;1;15;0
com.sk89q.worldedit.world.snapshot.experimental.SnapshotDatabase;N/A;N/A;N/A;N/A
com.sk89q.worldedit.world.snapshot.experimental.SnapshotInfo;5;2;23;3
com.sk89q.worldedit.world.snapshot.experimental.SnapshotRestore;9;6;23;0
com.sk89q.worldedit.world.snapshot.experimental.fs.FileSystemSnapshotDatabase;16;4;37;0
com.sk89q.worldedit.world.snapshot.experimental.fs.FolderSnapshot;6;5;26;0
com.sk89q.worldedit.world.storage.ChunkStore;6;2;22;0
com.sk89q.worldedit.world.storage.ChunkStoreException;0;15;49;0
com.sk89q.worldedit.world.storage.ChunkStoreHelper;4;0;18;0
com.sk89q.worldedit.world.storage.ChunkStoreHelper.ChunkDataInputSupplier;N/A;N/A;N/A;N/A
com.sk89q.worldedit.world.storage.FileLegacyChunkStore;2;3;30;0
com.sk89q.worldedit.world.storage.FileMcRegionChunkStore;2;5;30;0
com.sk89q.worldedit.world.storage.InvalidFormatException;0;15;48;0
com.sk89q.worldedit.world.storage.LegacyChunkStore;3;2;27;1
com.sk89q.worldedit.world.storage.McRegionChunkStore;2;4;27;2
com.sk89q.worldedit.world.storage.McRegionReader;5;8;19;0
com.sk89q.worldedit.world.storage.MissingChunkException;1;16;52;0
com.sk89q.worldedit.world.storage.MissingWorldException;1;16;53;0
com.sk89q.worldedit.world.storage.NBTConversions;2;0;16;0
com.sk89q.worldedit.world.storage.TrueZipLegacyChunkStore;3;5;33;1
com.sk89q.worldedit.world.storage.TrueZipMcRegionChunkStore;3;7;33;1
com.sk89q.worldedit.world.storage.ZippedLegacyChunkStore;3;4;33;1
com.sk89q.worldedit.world.storage.ZippedMcRegionChunkStore;3;7;33;1
com.sk89q.worldedit.world.weather.WeatherType;2;2;23;1
com.sk89q.worldedit.world.weather.WeatherTypes;3;3;17;0
